{"MoHFW_INDIA": {"fake_probability": 0.037037037037037035, "real_probability": 0.9629629629629629, "total_mentions": 162}, "DrTedros": {"fake_probability": 0.0, "real_probability": 1.0, "total_mentions": 110}, "ICMRDELHI": {"fake_probability": 0.009708737864077669, "real_probability": 0.9902912621359223, "total_mentions": 103}, "drharshvardhan": {"fake_probability": 0.030927835051546393, "real_probability": 0.9690721649484536, "total_mentions": 97}, "PIB_India": {"fake_probability": 0.0, "real_probability": 1.0, "total_mentions": 83}, "alexismadrigal": {"fake_probability": 0.0, "real_probability": 1.0, "total_mentions": 47}, "PMOIndia": {"fake_probability": 0.18181818181818182, "real_probability": 0.8181818181818182, "total_mentions": 44}, "CDCMMWR": {"fake_probability": 0.0, "real_probability": 1.0, "total_mentions": 34}, "DDNewslive": {"fake_probability": 0.0, "real_probability": 1.0, "total_mentions": 32}, "AshwiniKChoubey": {"fake_probability": 0.0, "real_probability": 1.0, "total_mentions": 30}, "airnewsalerts": {"fake_probability": 0.0, "real_probability": 1.0, "total_mentions": 30}, "COVIDNewsByMIB": {"fake_probability": 0.0, "real_probability": 1.0, "total_mentions": 30}, "WHO": {"fake_probability": 0.21428571428571427, "real_probability": 0.7857142857142857, "total_mentions": 28}, "minhealthnz": {"fake_probability": 0.0, "real_probability": 1.0, "total_mentions": 26}, "CDCDirector": {"fake_probability": 0.04, "real_probability": 0.96, "total_mentions": 25}, "CovidIndiaSeva": {"fake_probability": 0.0, "real_probability": 1.0, "total_mentions": 23}, "Chikwe_I": {"fake_probability": 0.0, "real_probability": 1.0, "total_mentions": 23}, "mygovindia": {"fake_probability": 0.0, "real_probability": 1.0, "total_mentions": 21}, "DrHVoffice": {"fake_probability": 0.0, "real_probability": 1.0, "total_mentions": 20}, "realDonaldTrump": {"fake_probability": 1.0, "real_probability": 0.0, "total_mentions": 18}, "narendramodi": {"fake_probability": 0.8666666666666667, "real_probability": 0.13333333333333333, "total_mentions": 15}, "Surgeon_General": {"fake_probability": 0.0, "real_probability": 1.0, "total_mentions": 12}, "CDCgov": {"fake_probability": 0.0, "real_probability": 1.0, "total_mentions": 10}, "Fmohnigeria": {"fake_probability": 0.0, "real_probability": 1.0, "total_mentions": 10}, "CDCemergency": {"fake_probability": 0.0, "real_probability": 1.0, "total_mentions": 10}, "HMOIndia": {"fake_probability": 0.1111111111111111, "real_probability": 0.8888888888888888, "total_mentions": 9}, "HHSGov": {"fake_probability": 0.0, "real_probability": 1.0, "total_mentions": 9}, "ArvindKejriwal": {"fake_probability": 0.875, "real_probability": 0.125, "total_mentions": 8}, "ProfBhargava": {"fake_probability": 0.0, "real_probability": 1.0, "total_mentions": 7}, "factchecknet": {"fake_probability": 1.0, "real_probability": 0.0, "total_mentions": 7}, "NITIAayog": {"fake_probability": 0.5, "real_probability": 0.5, "total_mentions": 6}, "PrakashJavdekar": {"fake_probability": 0.0, "real_probability": 1.0, "total_mentions": 6}, "COVID19Tracking": {"fake_probability": 0.0, "real_probability": 1.0, "total_mentions": 6}, "PTI_News": {"fake_probability": 0.0, "real_probability": 1.0, "total_mentions": 6}, "imperialcollege": {"fake_probability": 0.0, "real_probability": 1.0, "total_mentions": 6}, "PTFCOVID19": {"fake_probability": 0.0, "real_probability": 1.0, "total_mentions": 6}, "MBuhari": {"fake_probability": 0.0, "real_probability": 1.0, "total_mentions": 5}, "NIOSH": {"fake_probability": 0.0, "real_probability": 1.0, "total_mentions": 4}, "MantralayaRoom": {"fake_probability": 0.0, "real_probability": 1.0, "total_mentions": 4}, "TheAtlantic": {"fake_probability": 0.0, "real_probability": 1.0, "total_mentions": 4}, "MattHancock": {"fake_probability": 0.5, "real_probability": 0.5, "total_mentions": 4}, "covid19tracking": {"fake_probability": 0.0, "real_probability": 1.0, "total_mentions": 4}, "WHOAFRO": {"fake_probability": 0.0, "real_probability": 1.0, "total_mentions": 4}, "gavi": {"fake_probability": 0.0, "real_probability": 1.0, "total_mentions": 4}, "yayitsrob": {"fake_probability": 0.0, "real_probability": 1.0, "total_mentions": 4}, "ANI": {"fake_probability": 0.25, "real_probability": 0.75, "total_mentions": 4}, "JoeBiden": {"fake_probability": 1.0, "real_probability": 0.0, "total_mentions": 4}, "csogok": {"fake_probability": 1.0, "real_probability": 0.0, "total_mentions": 4}, "GovRonDeSantis": {"fake_probability": 0.5, "real_probability": 0.5, "total_mentions": 4}, "CDCtravel": {"fake_probability": 0.0, "real_probability": 1.0, "total_mentions": 4}, "nytimes": {"fake_probability": 0.0, "real_probability": 1.0, "total_mentions": 4}, "NIH": {"fake_probability": 0.0, "real_probability": 1.0, "total_mentions": 3}, "yogrishiramdev": {"fake_probability": 1.0, "real_probability": 0.0, "total_mentions": 3}, "CMOGuj": {"fake_probability": 0.0, "real_probability": 1.0, "total_mentions": 3}, "KHNews": {"fake_probability": 1.0, "real_probability": 0.0, "total_mentions": 3}, "AngieHolan": {"fake_probability": 1.0, "real_probability": 0.0, "total_mentions": 3}, "Smileygirl19683": {"fake_probability": 1.0, "real_probability": 0.0, "total_mentions": 3}, "AfricaCDC": {"fake_probability": 0.0, "real_probability": 1.0, "total_mentions": 3}, "justin_hart": {"fake_probability": 0.3333333333333333, "real_probability": 0.6666666666666666, "total_mentions": 3}, "tony80554056": {"fake_probability": 1.0, "real_probability": 0.0, "total_mentions": 3}, "CMOMaharashtra": {"fake_probability": 0.3333333333333333, "real_probability": 0.6666666666666666, "total_mentions": 3}, "health": {"fake_probability": 0.0, "real_probability": 1.0, "total_mentions": 3}, "joshtpm": {"fake_probability": 0.0, "real_probability": 1.0, "total_mentions": 3}, "CEPIvaccines": {"fake_probability": 0.0, "real_probability": 1.0, "total_mentions": 3}, "pjpaton": {"fake_probability": 1.0, "real_probability": 0.0, "total_mentions": 3}, "drsanjaygupta": {"fake_probability": 1.0, "real_probability": 0.0, "total_mentions": 3}, "boomlivein": {"fake_probability": 1.0, "real_probability": 0.0, "total_mentions": 3}, "butchthorne": {"fake_probability": 1.0, "real_probability": 0.0, "total_mentions": 3}, "chinwe_ochu": {"fake_probability": 0.0, "real_probability": 1.0, "total_mentions": 3}, "PolitiFactWisc": {"fake_probability": 1.0, "real_probability": 0.0, "total_mentions": 3}, "GavinNewsom": {"fake_probability": 0.0, "real_probability": 1.0, "total_mentions": 3}, "NTANewsNow": {"fake_probability": 0.0, "real_probability": 1.0, "total_mentions": 3}, "couch_maria": {"fake_probability": 1.0, "real_probability": 0.0, "total_mentions": 3}, "DepSecHargan": {"fake_probability": 0.0, "real_probability": 1.0, "total_mentions": 3}, "neil_ferguson": {"fake_probability": 0.0, "real_probability": 1.0, "total_mentions": 3}, "Julie34479": {"fake_probability": 1.0, "real_probability": 0.0, "total_mentions": 3}, "NormanBrennan": {"fake_probability": 1.0, "real_probability": 0.0, "total_mentions": 3}, "VMaledew": {"fake_probability": 1.0, "real_probability": 0.0, "total_mentions": 3}, "CNN": {"fake_probability": 0.0, "real_probability": 1.0, "total_mentions": 3}, "RicciGeri": {"fake_probability": 1.0, "real_probability": 0.0, "total_mentions": 3}, "drjohnwhyte": {"fake_probability": 0.0, "real_probability": 1.0, "total_mentions": 3}, "AlexMahadevan": {"fake_probability": 1.0, "real_probability": 0.0, "total_mentions": 3}, "followlasg": {"fake_probability": 0.0, "real_probability": 1.0, "total_mentions": 3}, "webmd": {"fake_probability": 0.0, "real_probability": 1.0, "total_mentions": 3}, "DrEOEhanire": {"fake_probability": 0.0, "real_probability": 1.0, "total_mentions": 3}, "geraintmeysydd": {"fake_probability": 1.0, "real_probability": 0.0, "total_mentions": 3}, "HSELive": {"fake_probability": 1.0, "real_probability": 0.0, "total_mentions": 3}, "BiharHealthDept": {"fake_probability": 0.0, "real_probability": 1.0, "total_mentions": 3}, "ConservVoice": {"fake_probability": 1.0, "real_probability": 0.0, "total_mentions": 3}, "CSIR_IND": {"fake_probability": 0.3333333333333333, "real_probability": 0.6666666666666666, "total_mentions": 3}, "DDIndialive": {"fake_probability": 0.0, "real_probability": 1.0, "total_mentions": 3}, "dgpgujarat": {"fake_probability": 0.0, "real_probability": 1.0, "total_mentions": 3}, "TheLancet": {"fake_probability": 0.0, "real_probability": 1.0, "total_mentions": 3}, "HarvardGH": {"fake_probability": 0.0, "real_probability": 1.0, "total_mentions": 3}, "kissane": {"fake_probability": 0.0, "real_probability": 1.0, "total_mentions": 3}, "SORMAS_open": {"fake_probability": 0.0, "real_probability": 1.0, "total_mentions": 2}, "YouTube": {"fake_probability": 1.0, "real_probability": 0.0, "total_mentions": 2}, "bruce_lambert": {"fake_probability": 0.0, "real_probability": 1.0, "total_mentions": 2}, "aiims_newdelhi": {"fake_probability": 0.5, "real_probability": 0.5, "total_mentions": 2}, "KayBurley": {"fake_probability": 0.0, "real_probability": 1.0, "total_mentions": 2}, "MamataOfficial": {"fake_probability": 0.0, "real_probability": 1.0, "total_mentions": 2}, "midorik0a": {"fake_probability": 0.0, "real_probability": 1.0, "total_mentions": 2}, "CDCGlobal": {"fake_probability": 0.0, "real_probability": 1.0, "total_mentions": 2}, "PIBMumbai": {"fake_probability": 0.0, "real_probability": 1.0, "total_mentions": 2}, "kitchencone": {"fake_probability": 0.0, "real_probability": 1.0, "total_mentions": 2}, "karaoehler": {"fake_probability": 0.0, "real_probability": 1.0, "total_mentions": 2}, "tmccormick": {"fake_probability": 0.0, "real_probability": 1.0, "total_mentions": 2}, "ICMRDelhi": {"fake_probability": 0.0, "real_probability": 1.0, "total_mentions": 2}, "opencollect": {"fake_probability": 0.0, "real_probability": 1.0, "total_mentions": 2}, "Dr_Ellie": {"fake_probability": 0.5, "real_probability": 0.5, "total_mentions": 2}, "NateSilver538": {"fake_probability": 0.0, "real_probability": 1.0, "total_mentions": 2}, "ABPNews": {"fake_probability": 1.0, "real_probability": 0.0, "total_mentions": 2}, "ashishskynews": {"fake_probability": 0.0, "real_probability": 1.0, "total_mentions": 2}, "AAI_Official": {"fake_probability": 0.0, "real_probability": 1.0, "total_mentions": 2}, "michaelmina_lab": {"fake_probability": 0.5, "real_probability": 0.5, "total_mentions": 2}, "fema": {"fake_probability": 0.0, "real_probability": 1.0, "total_mentions": 2}, "CMSGov": {"fake_probability": 0.0, "real_probability": 1.0, "total_mentions": 2}, "FatherBob": {"fake_probability": 1.0, "real_probability": 0.0, "total_mentions": 2}, "aajtak": {"fake_probability": 1.0, "real_probability": 0.0, "total_mentions": 2}, "GregMilamSky": {"fake_probability": 0.0, "real_probability": 1.0, "total_mentions": 2}, "nsitharaman": {"fake_probability": 1.0, "real_probability": 0.0, "total_mentions": 2}, "mvankerkhove": {"fake_probability": 1.0, "real_probability": 0.0, "total_mentions": 2}, "channelstv": {"fake_probability": 0.0, "real_probability": 1.0, "total_mentions": 2}, "chrismartenson": {"fake_probability": 1.0, "real_probability": 0.0, "total_mentions": 2}, "CDC_HIVAIDS": {"fake_probability": 0.0, "real_probability": 1.0, "total_mentions": 2}, "PeterWa97559477": {"fake_probability": 0.0, "real_probability": 1.0, "total_mentions": 2}, "Viruswatch2021": {"fake_probability": 1.0, "real_probability": 0.0, "total_mentions": 2}, "MoCA_GoI": {"fake_probability": 0.0, "real_probability": 1.0, "total_mentions": 2}, "WebMD": {"fake_probability": 0.0, "real_probability": 1.0, "total_mentions": 2}, "NCDCgov": {"fake_probability": 0.0, "real_probability": 1.0, "total_mentions": 2}, "contactkdsg": {"fake_probability": 0.0, "real_probability": 1.0, "total_mentions": 2}, "KamalaHarris": {"fake_probability": 1.0, "real_probability": 0.0, "total_mentions": 2}, "UNDP": {"fake_probability": 0.0, "real_probability": 1.0, "total_mentions": 2}, "pplscouncil": {"fake_probability": 0.0, "real_probability": 1.0, "total_mentions": 2}, "ArthurCaplan": {"fake_probability": 0.0, "real_probability": 1.0, "total_mentions": 2}, "realdonaldtrump": {"fake_probability": 1.0, "real_probability": 0.0, "total_mentions": 2}, "FaheemYounus": {"fake_probability": 1.0, "real_probability": 0.0, "total_mentions": 2}, "UNICEF": {"fake_probability": 0.5, "real_probability": 0.5, "total_mentions": 2}, "VaccineEpi": {"fake_probability": 0.0, "real_probability": 1.0, "total_mentions": 2}, "JustinTrudeau": {"fake_probability": 1.0, "real_probability": 0.0, "total_mentions": 2}, "TheSELC": {"fake_probability": 0.0, "real_probability": 1.0, "total_mentions": 2}, "roboskis": {"fake_probability": 0.0, "real_probability": 1.0, "total_mentions": 2}, "piamancini": {"fake_probability": 0.0, "real_probability": 1.0, "total_mentions": 2}, "KitMalthouse": {"fake_probability": 0.0, "real_probability": 1.0, "total_mentions": 2}, "ntnsndr": {"fake_probability": 0.0, "real_probability": 1.0, "total_mentions": 2}, "HHS_ASH": {"fake_probability": 1.0, "real_probability": 0.0, "total_mentions": 2}, "joncraig": {"fake_probability": 0.0, "real_probability": 1.0, "total_mentions": 2}, "BARDA": {"fake_probability": 0.0, "real_probability": 1.0, "total_mentions": 2}, "Tesco": {"fake_probability": 1.0, "real_probability": 0.0, "total_mentions": 2}, "DrSamirBhatt": {"fake_probability": 0.0, "real_probability": 1.0, "total_mentions": 2}, "ScienceMagazine": {"fake_probability": 0.0, "real_probability": 1.0, "total_mentions": 2}, "OfficialDMRC": {"fake_probability": 0.5, "real_probability": 0.5, "total_mentions": 2}, "kmedved": {"fake_probability": 0.0, "real_probability": 1.0, "total_mentions": 2}, "mbdavolt": {"fake_probability": 0.0, "real_probability": 1.0, "total_mentions": 2}, "MIB_India": {"fake_probability": 0.0, "real_probability": 1.0, "total_mentions": 2}, "CDCEnvironment": {"fake_probability": 0.0, "real_probability": 1.0, "total_mentions": 2}, "James_Gross": {"fake_probability": 0.0, "real_probability": 1.0, "total_mentions": 2}, "DrMamora": {"fake_probability": 0.0, "real_probability": 1.0, "total_mentions": 2}, "PressSec": {"fake_probability": 1.0, "real_probability": 0.0, "total_mentions": 2}, "AamAadmiParty": {"fake_probability": 1.0, "real_probability": 0.0, "total_mentions": 2}, "EllenCutch": {"fake_probability": 1.0, "real_probability": 0.0, "total_mentions": 2}, "LSMOH": {"fake_probability": 0.0, "real_probability": 1.0, "total_mentions": 2}, "DrIbram": {"fake_probability": 0.0, "real_probability": 1.0, "total_mentions": 2}, "moayush": {"fake_probability": 0.5, "real_probability": 0.5, "total_mentions": 2}, "EU_Commission": {"fake_probability": 0.0, "real_probability": 1.0, "total_mentions": 2}, "PolitiFact": {"fake_probability": 1.0, "real_probability": 0.0, "total_mentions": 2}, "PIBHomeAffairs": {"fake_probability": 0.0, "real_probability": 1.0, "total_mentions": 2}, "PolitiFactTexas": {"fake_probability": 1.0, "real_probability": 0.0, "total_mentions": 2}, "icmrnirrh": {"fake_probability": 0.0, "real_probability": 1.0, "total_mentions": 2}, "CarlosdelRio7": {"fake_probability": 0.5, "real_probability": 0.5, "total_mentions": 2}, "BSYBJP": {"fake_probability": 1.0, "real_probability": 0.0, "total_mentions": 2}, "undark": {"fake_probability": 0.0, "real_probability": 1.0, "total_mentions": 2}, "POTUS": {"fake_probability": 1.0, "real_probability": 0.0, "total_mentions": 2}, "PMOInd": {"fake_probability": 0.0, "real_probability": 1.0, "total_mentions": 1}, "paulreiddublin": {"fake_probability": 1.0, "real_probability": 0.0, "total_mentions": 1}, "nataleedesotell": {"fake_probability": 0.0, "real_probability": 1.0, "total_mentions": 1}, "myyogiadityanath": {"fake_probability": 0.0, "real_probability": 1.0, "total_mentions": 1}, "BenFordham": {"fake_probability": 1.0, "real_probability": 0.0, "total_mentions": 1}, "AJEnglish": {"fake_probability": 1.0, "real_probability": 0.0, "total_mentions": 1}, "cyborgnot": {"fake_probability": 0.0, "real_probability": 1.0, "total_mentions": 1}, "UNReliefChief": {"fake_probability": 0.0, "real_probability": 1.0, "total_mentions": 1}, "shaskell12": {"fake_probability": 0.0, "real_probability": 1.0, "total_mentions": 1}, "dandiemann": {"fake_probability": 0.0, "real_probability": 1.0, "total_mentions": 1}, "beeodune": {"fake_probability": 0.0, "real_probability": 1.0, "total_mentions": 1}, "Robbiedocs": {"fake_probability": 1.0, "real_probability": 0.0, "total_mentions": 1}, "sadhvipragya_mp": {"fake_probability": 1.0, "real_probability": 0.0, "total_mentions": 1}, "XanderArmstrong": {"fake_probability": 1.0, "real_probability": 0.0, "total_mentions": 1}, "JamesBl04750891": {"fake_probability": 1.0, "real_probability": 0.0, "total_mentions": 1}, "JoshFrydenberg": {"fake_probability": 1.0, "real_probability": 0.0, "total_mentions": 1}, "twt2abhi": {"fake_probability": 0.0, "real_probability": 1.0, "total_mentions": 1}, "foxandfriends": {"fake_probability": 0.0, "real_probability": 1.0, "total_mentions": 1}, "wacotrib": {"fake_probability": 0.0, "real_probability": 1.0, "total_mentions": 1}, "GladysB": {"fake_probability": 1.0, "real_probability": 0.0, "total_mentions": 1}, "MathGuy_7": {"fake_probability": 1.0, "real_probability": 0.0, "total_mentions": 1}, "CTrevettNZH": {"fake_probability": 0.0, "real_probability": 1.0, "total_mentions": 1}, "zev_dr": {"fake_probability": 1.0, "real_probability": 0.0, "total_mentions": 1}, "tangerinelaw": {"fake_probability": 0.0, "real_probability": 1.0, "total_mentions": 1}, "KHoneyfordStats": {"fake_probability": 0.0, "real_probability": 1.0, "total_mentions": 1}, "tanuj7sagar": {"fake_probability": 0.0, "real_probability": 1.0, "total_mentions": 1}, "MinistryWCD": {"fake_probability": 0.0, "real_probability": 1.0, "total_mentions": 1}, "colstee": {"fake_probability": 1.0, "real_probability": 0.0, "total_mentions": 1}, "ARISEtv": {"fake_probability": 0.0, "real_probability": 1.0, "total_mentions": 1}, "indSupremeCourt": {"fake_probability": 1.0, "real_probability": 0.0, "total_mentions": 1}, "StateDept": {"fake_probability": 0.0, "real_probability": 1.0, "total_mentions": 1}, "krisparag1": {"fake_probability": 0.0, "real_probability": 1.0, "total_mentions": 1}, "Data4BlackLives": {"fake_probability": 0.0, "real_probability": 1.0, "total_mentions": 1}, "JohnsHopkinsEPI": {"fake_probability": 0.0, "real_probability": 1.0, "total_mentions": 1}, "kdhauck": {"fake_probability": 0.0, "real_probability": 1.0, "total_mentions": 1}, "DailyNeb": {"fake_probability": 0.0, "real_probability": 1.0, "total_mentions": 1}, "yatezy84": {"fake_probability": 1.0, "real_probability": 0.0, "total_mentions": 1}, "MartinDaubney": {"fake_probability": 1.0, "real_probability": 0.0, "total_mentions": 1}, "kunfaaya": {"fake_probability": 1.0, "real_probability": 0.0, "total_mentions": 1}, "MENnewsdesk": {"fake_probability": 1.0, "real_probability": 0.0, "total_mentions": 1}, "viv_cooper": {"fake_probability": 1.0, "real_probability": 0.0, "total_mentions": 1}, "Cernovich": {"fake_probability": 1.0, "real_probability": 0.0, "total_mentions": 1}, "RapidTests": {"fake_probability": 1.0, "real_probability": 0.0, "total_mentions": 1}, "globuleaks": {"fake_probability": 1.0, "real_probability": 0.0, "total_mentions": 1}, "garner_forest": {"fake_probability": 1.0, "real_probability": 0.0, "total_mentions": 1}, "TheJohnAbraham": {"fake_probability": 1.0, "real_probability": 0.0, "total_mentions": 1}, "DrTomFrieden": {"fake_probability": 1.0, "real_probability": 0.0, "total_mentions": 1}, "arielbogle": {"fake_probability": 1.0, "real_probability": 0.0, "total_mentions": 1}, "UNICEFmedia": {"fake_probability": 1.0, "real_probability": 0.0, "total_mentions": 1}, "emmawehipeihana": {"fake_probability": 0.0, "real_probability": 1.0, "total_mentions": 1}, "bendepear": {"fake_probability": 0.0, "real_probability": 1.0, "total_mentions": 1}, "DMiliband": {"fake_probability": 0.0, "real_probability": 1.0, "total_mentions": 1}, "cmohry": {"fake_probability": 0.0, "real_probability": 1.0, "total_mentions": 1}, "houstonchron": {"fake_probability": 0.0, "real_probability": 1.0, "total_mentions": 1}, "CarlsbadCharlie": {"fake_probability": 1.0, "real_probability": 0.0, "total_mentions": 1}, "abledoc": {"fake_probability": 1.0, "real_probability": 0.0, "total_mentions": 1}, "BepDelta": {"fake_probability": 1.0, "real_probability": 0.0, "total_mentions": 1}, "CD": {"fake_probability": 0.0, "real_probability": 1.0, "total_mentions": 1}, "BellaDonaModels": {"fake_probability": 1.0, "real_probability": 0.0, "total_mentions": 1}, "MaxCRoser": {"fake_probability": 0.0, "real_probability": 1.0, "total_mentions": 1}, "anusharavi10": {"fake_probability": 1.0, "real_probability": 0.0, "total_mentions": 1}, "MhfwGoUP": {"fake_probability": 0.0, "real_probability": 1.0, "total_mentions": 1}, "hopkinsCDHS": {"fake_probability": 0.0, "real_probability": 1.0, "total_mentions": 1}, "thinks_about_it": {"fake_probability": 1.0, "real_probability": 0.0, "total_mentions": 1}, "shevanthi_n": {"fake_probability": 0.0, "real_probability": 1.0, "total_mentions": 1}, "ElsieIlorifor": {"fake_probability": 0.0, "real_probability": 1.0, "total_mentions": 1}, "IasAlok": {"fake_probability": 1.0, "real_probability": 0.0, "total_mentions": 1}, "careeningspace": {"fake_probability": 0.0, "real_probability": 1.0, "total_mentions": 1}, "IndiaDST": {"fake_probability": 0.0, "real_probability": 1.0, "total_mentions": 1}, "khaleeSYD_": {"fake_probability": 1.0, "real_probability": 0.0, "total_mentions": 1}, "ElDano91633751": {"fake_probability": 1.0, "real_probability": 0.0, "total_mentions": 1}, "Univcordoba": {"fake_probability": 1.0, "real_probability": 0.0, "total_mentions": 1}, "IrishEurophile": {"fake_probability": 1.0, "real_probability": 0.0, "total_mentions": 1}, "jsssms": {"fake_probability": 0.0, "real_probability": 1.0, "total_mentions": 1}, "htdelhi": {"fake_probability": 0.0, "real_probability": 1.0, "total_mentions": 1}, "IHSTowers": {"fake_probability": 0.0, "real_probability": 1.0, "total_mentions": 1}, "Imperial_EM": {"fake_probability": 0.0, "real_probability": 1.0, "total_mentions": 1}, "MrDelvan": {"fake_probability": 0.0, "real_probability": 1.0, "total_mentions": 1}, "IDPH": {"fake_probability": 0.0, "real_probability": 1.0, "total_mentions": 1}, "CT_Bergstrom": {"fake_probability": 1.0, "real_probability": 0.0, "total_mentions": 1}, "ScottMorrisonMP": {"fake_probability": 1.0, "real_probability": 0.0, "total_mentions": 1}, "dbaerwald1": {"fake_probability": 0.0, "real_probability": 1.0, "total_mentions": 1}, "FoxNewsSunday": {"fake_probability": 1.0, "real_probability": 0.0, "total_mentions": 1}, "GTG46338929": {"fake_probability": 0.0, "real_probability": 1.0, "total_mentions": 1}, "DRDO_India": {"fake_probability": 0.0, "real_probability": 1.0, "total_mentions": 1}, "tamazonx": {"fake_probability": 1.0, "real_probability": 0.0, "total_mentions": 1}, "harvardmed": {"fake_probability": 1.0, "real_probability": 0.0, "total_mentions": 1}, "AsxGold": {"fake_probability": 0.0, "real_probability": 1.0, "total_mentions": 1}, "RobGooders": {"fake_probability": 1.0, "real_probability": 0.0, "total_mentions": 1}, "HealthwireMedia": {"fake_probability": 0.0, "real_probability": 1.0, "total_mentions": 1}, "Godblsmnymkr": {"fake_probability": 0.0, "real_probability": 1.0, "total_mentions": 1}, "DigDougFTW": {"fake_probability": 1.0, "real_probability": 0.0, "total_mentions": 1}, "mohit0175": {"fake_probability": 0.0, "real_probability": 1.0, "total_mentions": 1}, "XpressBengaluru": {"fake_probability": 1.0, "real_probability": 0.0, "total_mentions": 1}, "SenateDems": {"fake_probability": 1.0, "real_probability": 0.0, "total_mentions": 1}, "thehill": {"fake_probability": 0.0, "real_probability": 1.0, "total_mentions": 1}, "PeterZeihan": {"fake_probability": 0.0, "real_probability": 1.0, "total_mentions": 1}, "alanlcit": {"fake_probability": 0.0, "real_probability": 1.0, "total_mentions": 1}, "RidgeOnSunday": {"fake_probability": 0.0, "real_probability": 1.0, "total_mentions": 1}, "FeynmanFreaky": {"fake_probability": 1.0, "real_probability": 0.0, "total_mentions": 1}, "riktheozfrog": {"fake_probability": 1.0, "real_probability": 0.0, "total_mentions": 1}, "IvankaTrump": {"fake_probability": 1.0, "real_probability": 0.0, "total_mentions": 1}, "mla_sudhakar": {"fake_probability": 1.0, "real_probability": 0.0, "total_mentions": 1}, "BBCNews": {"fake_probability": 1.0, "real_probability": 0.0, "total_mentions": 1}, "usponline": {"fake_probability": 0.0, "real_probability": 1.0, "total_mentions": 1}, "benzorn": {"fake_probability": 0.0, "real_probability": 1.0, "total_mentions": 1}, "Jabalpursafety": {"fake_probability": 1.0, "real_probability": 0.0, "total_mentions": 1}, "ptp335": {"fake_probability": 1.0, "real_probability": 0.0, "total_mentions": 1}, "RaviKundurthi": {"fake_probability": 0.0, "real_probability": 1.0, "total_mentions": 1}, "Snikwah37": {"fake_probability": 0.0, "real_probability": 1.0, "total_mentions": 1}, "friddlecopper": {"fake_probability": 1.0, "real_probability": 0.0, "total_mentions": 1}, "C4ETech": {"fake_probability": 1.0, "real_probability": 0.0, "total_mentions": 1}, "questdiag": {"fake_probability": 0.0, "real_probability": 1.0, "total_mentions": 1}, "ASlavitt": {"fake_probability": 1.0, "real_probability": 0.0, "total_mentions": 1}, "QandA": {"fake_probability": 1.0, "real_probability": 0.0, "total_mentions": 1}, "US_FDA": {"fake_probability": 0.0, "real_probability": 1.0, "total_mentions": 1}, "CDCInjury": {"fake_probability": 0.0, "real_probability": 1.0, "total_mentions": 1}, "Teddysmom1": {"fake_probability": 1.0, "real_probability": 0.0, "total_mentions": 1}, "robinmonotti": {"fake_probability": 1.0, "real_probability": 0.0, "total_mentions": 1}, "cathyby": {"fake_probability": 1.0, "real_probability": 0.0, "total_mentions": 1}, "morris1_k": {"fake_probability": 1.0, "real_probability": 0.0, "total_mentions": 1}, "resiguru": {"fake_probability": 1.0, "real_probability": 0.0, "total_mentions": 1}, "DanielTobias_": {"fake_probability": 1.0, "real_probability": 0.0, "total_mentions": 1}, "Homer4K": {"fake_probability": 1.0, "real_probability": 0.0, "total_mentions": 1}, "AmTrehan": {"fake_probability": 1.0, "real_probability": 0.0, "total_mentions": 1}, "DBTIndia": {"fake_probability": 0.0, "real_probability": 1.0, "total_mentions": 1}, "dpfunke": {"fake_probability": 1.0, "real_probability": 0.0, "total_mentions": 1}, "UNICEFIndia": {"fake_probability": 0.0, "real_probability": 1.0, "total_mentions": 1}, "mandilovell": {"fake_probability": 0.0, "real_probability": 1.0, "total_mentions": 1}, "RebeccaDayMEN": {"fake_probability": 1.0, "real_probability": 0.0, "total_mentions": 1}, "Google": {"fake_probability": 0.0, "real_probability": 1.0, "total_mentions": 1}, "JMC_Starbug": {"fake_probability": 1.0, "real_probability": 0.0, "total_mentions": 1}, "apple": {"fake_probability": 0.0, "real_probability": 1.0, "total_mentions": 1}, "Georgetown": {"fake_probability": 0.0, "real_probability": 1.0, "total_mentions": 1}, "SpeakerPelosi": {"fake_probability": 1.0, "real_probability": 0.0, "total_mentions": 1}, "NigeriaGov": {"fake_probability": 0.0, "real_probability": 1.0, "total_mentions": 1}, "GovSisolak": {"fake_probability": 0.0, "real_probability": 1.0, "total_mentions": 1}, "chesh": {"fake_probability": 0.0, "real_probability": 1.0, "total_mentions": 1}, "Narvuntien": {"fake_probability": 1.0, "real_probability": 0.0, "total_mentions": 1}, "ashishkjha": {"fake_probability": 1.0, "real_probability": 0.0, "total_mentions": 1}, "DeborahZinger": {"fake_probability": 0.0, "real_probability": 1.0, "total_mentions": 1}, "ianuragthakur": {"fake_probability": 0.0, "real_probability": 1.0, "total_mentions": 1}, "edpilkington": {"fake_probability": 1.0, "real_probability": 0.0, "total_mentions": 1}, "OfficialOSGFNG": {"fake_probability": 0.0, "real_probability": 1.0, "total_mentions": 1}, "DamienHamilto17": {"fake_probability": 1.0, "real_probability": 0.0, "total_mentions": 1}, "archillect": {"fake_probability": 1.0, "real_probability": 0.0, "total_mentions": 1}, "shriduttrao": {"fake_probability": 0.0, "real_probability": 1.0, "total_mentions": 1}, "brianbloop2": {"fake_probability": 1.0, "real_probability": 0.0, "total_mentions": 1}, "RAshokaBJP": {"fake_probability": 1.0, "real_probability": 0.0, "total_mentions": 1}, "samarjeet_n": {"fake_probability": 1.0, "real_probability": 0.0, "total_mentions": 1}, "PNouvellet": {"fake_probability": 0.0, "real_probability": 1.0, "total_mentions": 1}, "ONS": {"fake_probability": 0.0, "real_probability": 1.0, "total_mentions": 1}, "BJP4Karnataka": {"fake_probability": 1.0, "real_probability": 0.0, "total_mentions": 1}, "ElsieIlori": {"fake_probability": 0.0, "real_probability": 1.0, "total_mentions": 1}, "BanCheneProduct": {"fake_probability": 0.0, "real_probability": 1.0, "total_mentions": 1}, "ProfKarolSikora": {"fake_probability": 0.0, "real_probability": 1.0, "total_mentions": 1}, "Perchbicester": {"fake_probability": 1.0, "real_probability": 0.0, "total_mentions": 1}, "IngrahamAngle": {"fake_probability": 1.0, "real_probability": 0.0, "total_mentions": 1}, "CSp911": {"fake_probability": 0.0, "real_probability": 1.0, "total_mentions": 1}, "BreakfastNews": {"fake_probability": 1.0, "real_probability": 0.0, "total_mentions": 1}, "ltgrusselhonore": {"fake_probability": 1.0, "real_probability": 0.0, "total_mentions": 1}, "robertcecil1608": {"fake_probability": 1.0, "real_probability": 0.0, "total_mentions": 1}, "CDCFlu": {"fake_probability": 0.0, "real_probability": 1.0, "total_mentions": 1}, "The_Leaver": {"fake_probability": 1.0, "real_probability": 0.0, "total_mentions": 1}, "DrOz": {"fake_probability": 1.0, "real_probability": 0.0, "total_mentions": 1}, "jhuber": {"fake_probability": 1.0, "real_probability": 0.0, "total_mentions": 1}, "kid_alabama": {"fake_probability": 1.0, "real_probability": 0.0, "total_mentions": 1}, "chrisgulli": {"fake_probability": 0.0, "real_probability": 1.0, "total_mentions": 1}, "WhatsApp": {"fake_probability": 1.0, "real_probability": 0.0, "total_mentions": 1}, "InfoInterest": {"fake_probability": 0.0, "real_probability": 1.0, "total_mentions": 1}, "bkum2000": {"fake_probability": 1.0, "real_probability": 0.0, "total_mentions": 1}, "RobertBuckland": {"fake_probability": 0.0, "real_probability": 1.0, "total_mentions": 1}, "UPGovt": {"fake_probability": 0.0, "real_probability": 1.0, "total_mentions": 1}, "grahamscooke": {"fake_probability": 0.0, "real_probability": 1.0, "total_mentions": 1}, "SecAzar": {"fake_probability": 0.0, "real_probability": 1.0, "total_mentions": 1}, "David19531501": {"fake_probability": 1.0, "real_probability": 0.0, "total_mentions": 1}, "pantherman45": {"fake_probability": 0.0, "real_probability": 1.0, "total_mentions": 1}, "ICPH_homeless": {"fake_probability": 0.0, "real_probability": 1.0, "total_mentions": 1}, "iaspankajpandey": {"fake_probability": 1.0, "real_probability": 0.0, "total_mentions": 1}, "RealDonaldTrump": {"fake_probability": 1.0, "real_probability": 0.0, "total_mentions": 1}, "SenatorKapenga": {"fake_probability": 1.0, "real_probability": 0.0, "total_mentions": 1}, "OfficeofUT": {"fake_probability": 0.0, "real_probability": 1.0, "total_mentions": 1}, "adammccu": {"fake_probability": 1.0, "real_probability": 0.0, "total_mentions": 1}, "DovMichaeli": {"fake_probability": 1.0, "real_probability": 0.0, "total_mentions": 1}, "JohnKubie": {"fake_probability": 0.0, "real_probability": 1.0, "total_mentions": 1}, "pawan90311": {"fake_probability": 0.0, "real_probability": 1.0, "total_mentions": 1}, "RGlobalism": {"fake_probability": 0.0, "real_probability": 1.0, "total_mentions": 1}, "ESMO": {"fake_probability": 0.0, "real_probability": 1.0, "total_mentions": 1}, "daveman19802": {"fake_probability": 1.0, "real_probability": 0.0, "total_mentions": 1}, "eu_echo": {"fake_probability": 0.0, "real_probability": 1.0, "total_mentions": 1}, "BharatBiotech": {"fake_probability": 1.0, "real_probability": 0.0, "total_mentions": 1}, "DHSCgovuk": {"fake_probability": 0.0, "real_probability": 1.0, "total_mentions": 1}, "AdamJKucharski": {"fake_probability": 0.0, "real_probability": 1.0, "total_mentions": 1}, "rosnovsky": {"fake_probability": 0.0, "real_probability": 1.0, "total_mentions": 1}, "KytheAntiComguy": {"fake_probability": 1.0, "real_probability": 0.0, "total_mentions": 1}, "DrCCostelloe": {"fake_probability": 0.0, "real_probability": 1.0, "total_mentions": 1}, "pommylee": {"fake_probability": 0.0, "real_probability": 1.0, "total_mentions": 1}, "DOMSinaiNYC": {"fake_probability": 1.0, "real_probability": 0.0, "total_mentions": 1}, "MadMorr": {"fake_probability": 1.0, "real_probability": 0.0, "total_mentions": 1}, "thereal_truther": {"fake_probability": 1.0, "real_probability": 0.0, "total_mentions": 1}, "WAPFLondon": {"fake_probability": 1.0, "real_probability": 0.0, "total_mentions": 1}, "mcuban": {"fake_probability": 1.0, "real_probability": 0.0, "total_mentions": 1}, "leo": {"fake_probability": 0.0, "real_probability": 1.0, "total_mentions": 1}, "JohnKin17583856": {"fake_probability": 0.0, "real_probability": 1.0, "total_mentions": 1}, "AmerMedicalAssn": {"fake_probability": 0.0, "real_probability": 1.0, "total_mentions": 1}, "AlikoDangoteFdn": {"fake_probability": 0.0, "real_probability": 1.0, "total_mentions": 1}, "HtServadac": {"fake_probability": 1.0, "real_probability": 0.0, "total_mentions": 1}, "novakglobal": {"fake_probability": 1.0, "real_probability": 0.0, "total_mentions": 1}, "cnbcafrica": {"fake_probability": 0.0, "real_probability": 1.0, "total_mentions": 1}, "MoHFW_": {"fake_probability": 0.0, "real_probability": 1.0, "total_mentions": 1}, "Over400ppm": {"fake_probability": 1.0, "real_probability": 0.0, "total_mentions": 1}, "ani_digital": {"fake_probability": 0.0, "real_probability": 1.0, "total_mentions": 1}, "DHSgov": {"fake_probability": 0.0, "real_probability": 1.0, "total_mentions": 1}, "Chris_Fairchild": {"fake_probability": 0.0, "real_probability": 1.0, "total_mentions": 1}, "shondagarrison": {"fake_probability": 0.0, "real_probability": 1.0, "total_mentions": 1}, "SexCounseling": {"fake_probability": 1.0, "real_probability": 0.0, "total_mentions": 1}, "TheFreds": {"fake_probability": 1.0, "real_probability": 0.0, "total_mentions": 1}, "kenpomeroy": {"fake_probability": 0.0, "real_probability": 1.0, "total_mentions": 1}, "BillHanage": {"fake_probability": 0.0, "real_probability": 1.0, "total_mentions": 1}, "MedBennett": {"fake_probability": 1.0, "real_probability": 0.0, "total_mentions": 1}, "BBMP_MAYOR": {"fake_probability": 1.0, "real_probability": 0.0, "total_mentions": 1}, "LBGoodnessGrows": {"fake_probability": 1.0, "real_probability": 0.0, "total_mentions": 1}, "latimeralder": {"fake_probability": 1.0, "real_probability": 0.0, "total_mentions": 1}, "BloombergQuint": {"fake_probability": 0.0, "real_probability": 1.0, "total_mentions": 1}, "thephichick": {"fake_probability": 0.0, "real_probability": 1.0, "total_mentions": 1}, "NPR": {"fake_probability": 0.0, "real_probability": 1.0, "total_mentions": 1}, "80WebbSt": {"fake_probability": 0.0, "real_probability": 1.0, "total_mentions": 1}, "VetSree": {"fake_probability": 0.0, "real_probability": 1.0, "total_mentions": 1}, "covidactnow": {"fake_probability": 0.0, "real_probability": 1.0, "total_mentions": 1}, "aadajoli": {"fake_probability": 1.0, "real_probability": 0.0, "total_mentions": 1}, "the_fauxy": {"fake_probability": 1.0, "real_probability": 0.0, "total_mentions": 1}, "BT_India": {"fake_probability": 0.0, "real_probability": 1.0, "total_mentions": 1}, "KNSMOH": {"fake_probability": 0.0, "real_probability": 1.0, "total_mentions": 1}, "pratimbose": {"fake_probability": 0.0, "real_probability": 1.0, "total_mentions": 1}, "Jag11814459": {"fake_probability": 1.0, "real_probability": 0.0, "total_mentions": 1}, "KCTaz": {"fake_probability": 1.0, "real_probability": 0.0, "total_mentions": 1}, "NYTimes": {"fake_probability": 1.0, "real_probability": 0.0, "total_mentions": 1}, "rashlessdoctor": {"fake_probability": 1.0, "real_probability": 0.0, "total_mentions": 1}, "4523I5": {"fake_probability": 0.0, "real_probability": 1.0, "total_mentions": 1}, "AAMCtoday": {"fake_probability": 1.0, "real_probability": 0.0, "total_mentions": 1}, "PaprikaLady": {"fake_probability": 1.0, "real_probability": 0.0, "total_mentions": 1}, "lesamitchell": {"fake_probability": 0.0, "real_probability": 1.0, "total_mentions": 1}, "ikaveri": {"fake_probability": 1.0, "real_probability": 0.0, "total_mentions": 1}, "ACOSS": {"fake_probability": 1.0, "real_probability": 0.0, "total_mentions": 1}, "India": {"fake_probability": 0.0, "real_probability": 1.0, "total_mentions": 1}, "Aintropy": {"fake_probability": 0.0, "real_probability": 1.0, "total_mentions": 1}, "n3113n": {"fake_probability": 0.0, "real_probability": 1.0, "total_mentions": 1}, "RustyAway": {"fake_probability": 1.0, "real_probability": 0.0, "total_mentions": 1}, "chrisgregson123": {"fake_probability": 1.0, "real_probability": 0.0, "total_mentions": 1}, "lowerthetemp": {"fake_probability": 0.0, "real_probability": 1.0, "total_mentions": 1}, "OxfordEVCharger": {"fake_probability": 1.0, "real_probability": 0.0, "total_mentions": 1}, "DHSWI": {"fake_probability": 0.0, "real_probability": 1.0, "total_mentions": 1}, "DrJlieberman": {"fake_probability": 0.0, "real_probability": 1.0, "total_mentions": 1}, "CovidActNow": {"fake_probability": 0.0, "real_probability": 1.0, "total_mentions": 1}, "Chrisleenders1": {"fake_probability": 1.0, "real_probability": 0.0, "total_mentions": 1}, "heymanitshayden": {"fake_probability": 0.0, "real_probability": 1.0, "total_mentions": 1}, "asantos24": {"fake_probability": 1.0, "real_probability": 0.0, "total_mentions": 1}, "drjohnm": {"fake_probability": 0.0, "real_probability": 1.0, "total_mentions": 1}, "PeterJ_Walker": {"fake_probability": 0.0, "real_probability": 1.0, "total_mentions": 1}, "JoeWasserman": {"fake_probability": 0.0, "real_probability": 1.0, "total_mentions": 1}, "Nigel_Farage": {"fake_probability": 1.0, "real_probability": 0.0, "total_mentions": 1}, "Barbarajdurkin": {"fake_probability": 1.0, "real_probability": 0.0, "total_mentions": 1}, "cassandragoldie": {"fake_probability": 1.0, "real_probability": 0.0, "total_mentions": 1}, "P": {"fake_probability": 0.0, "real_probability": 1.0, "total_mentions": 1}, "fireAnd_Bloodd": {"fake_probability": 1.0, "real_probability": 0.0, "total_mentions": 1}, "garysaintdooley": {"fake_probability": 0.0, "real_probability": 1.0, "total_mentions": 1}, "DunsanyJack": {"fake_probability": 1.0, "real_probability": 0.0, "total_mentions": 1}, "childrensphila": {"fake_probability": 0.0, "real_probability": 1.0, "total_mentions": 1}, "butlerrichard2": {"fake_probability": 1.0, "real_probability": 0.0, "total_mentions": 1}, "NMHheartdoc": {"fake_probability": 0.0, "real_probability": 1.0, "total_mentions": 1}, "NigeriaFELTP": {"fake_probability": 0.0, "real_probability": 1.0, "total_mentions": 1}, "susankilfoy": {"fake_probability": 1.0, "real_probability": 0.0, "total_mentions": 1}, "dr_sourabhkp": {"fake_probability": 1.0, "real_probability": 0.0, "total_mentions": 1}, "RepAndyBiggsAZ": {"fake_probability": 1.0, "real_probability": 0.0, "total_mentions": 1}, "DelegateStewart": {"fake_probability": 0.0, "real_probability": 1.0, "total_mentions": 1}, "CBSNews": {"fake_probability": 0.0, "real_probability": 1.0, "total_mentions": 1}, "alexkx3": {"fake_probability": 1.0, "real_probability": 0.0, "total_mentions": 1}, "SCClemons": {"fake_probability": 0.0, "real_probability": 1.0, "total_mentions": 1}, "SwannyQLD": {"fake_probability": 1.0, "real_probability": 0.0, "total_mentions": 1}, "daniel_sierra81": {"fake_probability": 0.0, "real_probability": 1.0, "total_mentions": 1}, "ZacBissonnette": {"fake_probability": 1.0, "real_probability": 0.0, "total_mentions": 1}, "scaramangi": {"fake_probability": 0.0, "real_probability": 1.0, "total_mentions": 1}, "jimcramer": {"fake_probability": 1.0, "real_probability": 0.0, "total_mentions": 1}, "DavidGSmith18": {"fake_probability": 1.0, "real_probability": 0.0, "total_mentions": 1}, "CDC_NCEZID": {"fake_probability": 0.0, "real_probability": 1.0, "total_mentions": 1}, "IndINDIANARMY": {"fake_probability": 1.0, "real_probability": 0.0, "total_mentions": 1}, "ashoswai": {"fake_probability": 1.0, "real_probability": 0.0, "total_mentions": 1}, "Davidmetroland": {"fake_probability": 1.0, "real_probability": 0.0, "total_mentions": 1}, "CNNnews18": {"fake_probability": 0.0, "real_probability": 1.0, "total_mentions": 1}, "nypost": {"fake_probability": 1.0, "real_probability": 0.0, "total_mentions": 1}, "brikeilarcnn": {"fake_probability": 1.0, "real_probability": 0.0, "total_mentions": 1}, "rmack2x": {"fake_probability": 1.0, "real_probability": 0.0, "total_mentions": 1}, "australian": {"fake_probability": 1.0, "real_probability": 0.0, "total_mentions": 1}, "LifeSciHiggins": {"fake_probability": 0.0, "real_probability": 1.0, "total_mentions": 1}, "jdmaresco": {"fake_probability": 0.0, "real_probability": 1.0, "total_mentions": 1}, "johnpavlovitz": {"fake_probability": 1.0, "real_probability": 0.0, "total_mentions": 1}, "Microsoft": {"fake_probability": 0.0, "real_probability": 1.0, "total_mentions": 1}, "Bananenrijperij": {"fake_probability": 1.0, "real_probability": 0.0, "total_mentions": 1}, "CMOfficeUP": {"fake_probability": 1.0, "real_probability": 0.0, "total_mentions": 1}, "peterverhaar": {"fake_probability": 1.0, "real_probability": 0.0, "total_mentions": 1}, "UNDICTION": {"fake_probability": 0.0, "real_probability": 1.0, "total_mentions": 1}, "KenyaPhysicians": {"fake_probability": 1.0, "real_probability": 0.0, "total_mentions": 1}, "CaptShaktiLumba": {"fake_probability": 1.0, "real_probability": 0.0, "total_mentions": 1}, "Roblev0": {"fake_probability": 1.0, "real_probability": 0.0, "total_mentions": 1}, "i_am_adunnii": {"fake_probability": 0.0, "real_probability": 1.0, "total_mentions": 1}, "paulmromer": {"fake_probability": 1.0, "real_probability": 0.0, "total_mentions": 1}, "freenationtoday": {"fake_probability": 1.0, "real_probability": 0.0, "total_mentions": 1}, "ndtv": {"fake_probability": 1.0, "real_probability": 0.0, "total_mentions": 1}, "MobilePunch": {"fake_probability": 0.0, "real_probability": 1.0, "total_mentions": 1}, "MarvinBrite": {"fake_probability": 1.0, "real_probability": 0.0, "total_mentions": 1}, "SJforKids": {"fake_probability": 0.0, "real_probability": 1.0, "total_mentions": 1}, "branderzy": {"fake_probability": 1.0, "real_probability": 0.0, "total_mentions": 1}, "MsRightMsRight": {"fake_probability": 1.0, "real_probability": 0.0, "total_mentions": 1}, "G": {"fake_probability": 0.0, "real_probability": 1.0, "total_mentions": 1}, "GovParsonMO": {"fake_probability": 0.0, "real_probability": 1.0, "total_mentions": 1}, "BeowulfSchaefer": {"fake_probability": 1.0, "real_probability": 0.0, "total_mentions": 1}, "David_Vaporium": {"fake_probability": 1.0, "real_probability": 0.0, "total_mentions": 1}, "ssfarouk": {"fake_probability": 1.0, "real_probability": 0.0, "total_mentions": 1}, "barcodenz": {"fake_probability": 0.0, "real_probability": 1.0, "total_mentions": 1}, "agniveer": {"fake_probability": 1.0, "real_probability": 0.0, "total_mentions": 1}, "SteveFDA": {"fake_probability": 1.0, "real_probability": 0.0, "total_mentions": 1}, "VICE": {"fake_probability": 0.0, "real_probability": 1.0, "total_mentions": 1}, "drashwathcn": {"fake_probability": 1.0, "real_probability": 0.0, "total_mentions": 1}, "OdoyleCharlotte": {"fake_probability": 0.0, "real_probability": 1.0, "total_mentions": 1}, "anak2422anak": {"fake_probability": 0.0, "real_probability": 1.0, "total_mentions": 1}, "jacobselisabeth": {"fake_probability": 0.0, "real_probability": 1.0, "total_mentions": 1}, "JamieHartley10": {"fake_probability": 1.0, "real_probability": 0.0, "total_mentions": 1}, "TheRealStoryPlz": {"fake_probability": 0.0, "real_probability": 1.0, "total_mentions": 1}, "RachelReevesMP": {"fake_probability": 0.0, "real_probability": 1.0, "total_mentions": 1}, "GHS": {"fake_probability": 0.0, "real_probability": 1.0, "total_mentions": 1}, "GracieLuAnn24": {"fake_probability": 0.0, "real_probability": 1.0, "total_mentions": 1}, "NEJM": {"fake_probability": 0.0, "real_probability": 1.0, "total_mentions": 1}, "jeremy_hume": {"fake_probability": 1.0, "real_probability": 0.0, "total_mentions": 1}, "Noahpinion": {"fake_probability": 0.0, "real_probability": 1.0, "total_mentions": 1}, "OfficialAITlive": {"fake_probability": 0.0, "real_probability": 1.0, "total_mentions": 1}, "ReckedRik": {"fake_probability": 1.0, "real_probability": 0.0, "total_mentions": 1}, "erwillia": {"fake_probability": 0.0, "real_probability": 1.0, "total_mentions": 1}, "nealkhosla": {"fake_probability": 1.0, "real_probability": 0.0, "total_mentions": 1}, "CCSImpact": {"fake_probability": 0.0, "real_probability": 1.0, "total_mentions": 1}, "JamesTodaroMD": {"fake_probability": 1.0, "real_probability": 0.0, "total_mentions": 1}, "ricksheatcool": {"fake_probability": 1.0, "real_probability": 0.0, "total_mentions": 1}, "BrianStryker": {"fake_probability": 0.0, "real_probability": 1.0, "total_mentions": 1}, "TVCconnect": {"fake_probability": 0.0, "real_probability": 1.0, "total_mentions": 1}, "giles7452": {"fake_probability": 1.0, "real_probability": 0.0, "total_mentions": 1}, "Macid3000": {"fake_probability": 1.0, "real_probability": 0.0, "total_mentions": 1}, "RemaNagarajan": {"fake_probability": 0.0, "real_probability": 1.0, "total_mentions": 1}, "hackingdata": {"fake_probability": 0.0, "real_probability": 1.0, "total_mentions": 1}, "InconvenientTr5": {"fake_probability": 1.0, "real_probability": 0.0, "total_mentions": 1}, "USCDCNIGERIA": {"fake_probability": 0.0, "real_probability": 1.0, "total_mentions": 1}, "WhiteHouse": {"fake_probability": 0.0, "real_probability": 1.0, "total_mentions": 1}, "SoapItUpHard": {"fake_probability": 1.0, "real_probability": 0.0, "total_mentions": 1}, "Wh": {"fake_probability": 0.0, "real_probability": 1.0, "total_mentions": 1}, "Whitwyatt": {"fake_probability": 0.0, "real_probability": 1.0, "total_mentions": 1}, "anjanaomkashyap": {"fake_probability": 1.0, "real_probability": 0.0, "total_mentions": 1}, "drdavidsamadi": {"fake_probability": 1.0, "real_probability": 0.0, "total_mentions": 1}, "CDC_eHealth": {"fake_probability": 0.0, "real_probability": 1.0, "total_mentions": 1}, "IndiainGuyana": {"fake_probability": 0.0, "real_probability": 1.0, "total_mentions": 1}, "angie_rasmussen": {"fake_probability": 1.0, "real_probability": 0.0, "total_mentions": 1}, "Ryan_Mac_Phd": {"fake_probability": 0.0, "real_probability": 1.0, "total_mentions": 1}, "modiji": {"fake_probability": 1.0, "real_probability": 0.0, "total_mentions": 1}, "WGRZ": {"fake_probability": 1.0, "real_probability": 0.0, "total_mentions": 1}, "flaxter": {"fake_probability": 0.0, "real_probability": 1.0, "total_mentions": 1}, "OsmosisMed": {"fake_probability": 0.0, "real_probability": 1.0, "total_mentions": 1}, "NBPAustralia": {"fake_probability": 1.0, "real_probability": 0.0, "total_mentions": 1}, "ClimateKids2": {"fake_probability": 0.0, "real_probability": 1.0, "total_mentions": 1}, "trvrb": {"fake_probability": 0.0, "real_probability": 1.0, "total_mentions": 1}, "WFP": {"fake_probability": 0.0, "real_probability": 1.0, "total_mentions": 1}, "ClareAdams": {"fake_probability": 1.0, "real_probability": 0.0, "total_mentions": 1}, "TomFitton": {"fake_probability": 1.0, "real_probability": 0.0, "total_mentions": 1}, "globalnews": {"fake_probability": 1.0, "real_probability": 0.0, "total_mentions": 1}, "weare_spartan": {"fake_probability": 1.0, "real_probability": 0.0, "total_mentions": 1}, "nighealthwatch": {"fake_probability": 0.0, "real_probability": 1.0, "total_mentions": 1}, "NVGovernment": {"fake_probability": 0.0, "real_probability": 1.0, "total_mentions": 1}, "CollectorJamngr": {"fake_probability": 1.0, "real_probability": 0.0, "total_mentions": 1}, "ChaddyStacksDFS": {"fake_probability": 1.0, "real_probability": 0.0, "total_mentions": 1}, "CDCHeart_Stroke": {"fake_probability": 0.0, "real_probability": 1.0, "total_mentions": 1}, "AndySpecht": {"fake_probability": 1.0, "real_probability": 0.0, "total_mentions": 1}, "CebmOxford": {"fake_probability": 0.0, "real_probability": 1.0, "total_mentions": 1}, "CDC_TB": {"fake_probability": 0.0, "real_probability": 1.0, "total_mentions": 1}, "ImTheRealDMac": {"fake_probability": 0.0, "real_probability": 1.0, "total_mentions": 1}, "Mumbaiyb": {"fake_probability": 1.0, "real_probability": 0.0, "total_mentions": 1}, "JBalsich": {"fake_probability": 1.0, "real_probability": 0.0, "total_mentions": 1}, "DeepalTrevedie": {"fake_probability": 1.0, "real_probability": 0.0, "total_mentions": 1}, "statnews": {"fake_probability": 0.0, "real_probability": 1.0, "total_mentions": 1}, "MoHFW_INDI": {"fake_probability": 0.0, "real_probability": 1.0, "total_mentions": 1}, "creativ61543336": {"fake_probability": 1.0, "real_probability": 0.0, "total_mentions": 1}, "chitraaum": {"fake_probability": 1.0, "real_probability": 0.0, "total_mentions": 1}, "acmadotgov": {"fake_probability": 1.0, "real_probability": 0.0, "total_mentions": 1}, "FOX5Atlanta": {"fake_probability": 0.0, "real_probability": 1.0, "total_mentions": 1}, "MumbaiPolice": {"fake_probability": 0.0, "real_probability": 1.0, "total_mentions": 1}, "cdc": {"fake_probability": 0.0, "real_probability": 1.0, "total_mentions": 1}, "ZubyMusic": {"fake_probability": 1.0, "real_probability": 0.0, "total_mentions": 1}, "RoyPentland": {"fake_probability": 1.0, "real_probability": 0.0, "total_mentions": 1}, "edinburghuni": {"fake_probability": 1.0, "real_probability": 0.0, "total_mentions": 1}, "PolitiFactNC": {"fake_probability": 1.0, "real_probability": 0.0, "total_mentions": 1}, "uni_maid": {"fake_probability": 0.0, "real_probability": 1.0, "total_mentions": 1}, "rajesha_rao": {"fake_probability": 1.0, "real_probability": 0.0, "total_mentions": 1}, "covid19oyo_eoc": {"fake_probability": 0.0, "real_probability": 1.0, "total_mentions": 1}, "IsabelOakeshott": {"fake_probability": 1.0, "real_probability": 0.0, "total_mentions": 1}, "BaileInis": {"fake_probability": 1.0, "real_probability": 0.0, "total_mentions": 1}, "SRileyIDD": {"fake_probability": 0.0, "real_probability": 1.0, "total_mentions": 1}, "indiatv": {"fake_probability": 1.0, "real_probability": 0.0, "total_mentions": 1}, "lolageek": {"fake_probability": 0.0, "real_probability": 1.0, "total_mentions": 1}, "TuckerCarlson": {"fake_probability": 1.0, "real_probability": 0.0, "total_mentions": 1}, "UniofOxford": {"fake_probability": 0.0, "real_probability": 1.0, "total_mentions": 1}, "ywoga": {"fake_probability": 0.0, "real_probability": 1.0, "total_mentions": 1}, "mara_kont": {"fake_probability": 0.0, "real_probability": 1.0, "total_mentions": 1}, "FoxInWolfs": {"fake_probability": 1.0, "real_probability": 0.0, "total_mentions": 1}, "jacindaardern": {"fake_probability": 0.0, "real_probability": 1.0, "total_mentions": 1}, "ricci_sergienko": {"fake_probability": 0.0, "real_probability": 1.0, "total_mentions": 1}, "Covid19Crusher": {"fake_probability": 1.0, "real_probability": 0.0, "total_mentions": 1}, "AlaMerQld": {"fake_probability": 1.0, "real_probability": 0.0, "total_mentions": 1}, "skynewsmichelle": {"fake_probability": 0.0, "real_probability": 1.0, "total_mentions": 1}, "mindedmusically": {"fake_probability": 1.0, "real_probability": 0.0, "total_mentions": 1}, "DeccanHerald": {"fake_probability": 1.0, "real_probability": 0.0, "total_mentions": 1}, "TejinderSsodhi": {"fake_probability": 1.0, "real_probability": 0.0, "total_mentions": 1}, "sreesub": {"fake_probability": 0.0, "real_probability": 1.0, "total_mentions": 1}, "MarkedByCovid": {"fake_probability": 1.0, "real_probability": 0.0, "total_mentions": 1}, "GiniMiniManeMo": {"fake_probability": 0.0, "real_probability": 1.0, "total_mentions": 1}, "wvumediacollege": {"fake_probability": 1.0, "real_probability": 0.0, "total_mentions": 1}, "JohnsHopkins": {"fake_probability": 0.0, "real_probability": 1.0, "total_mentions": 1}, "lsunder1": {"fake_probability": 1.0, "real_probability": 0.0, "total_mentions": 1}, "dribram": {"fake_probability": 0.0, "real_probability": 1.0, "total_mentions": 1}, "1000Frolly": {"fake_probability": 1.0, "real_probability": 0.0, "total_mentions": 1}, "CarlHan30554840": {"fake_probability": 0.0, "real_probability": 1.0, "total_mentions": 1}, "KDHE": {"fake_probability": 0.0, "real_probability": 1.0, "total_mentions": 1}, "Sir_Tom_Tucker": {"fake_probability": 1.0, "real_probability": 0.0, "total_mentions": 1}, "SoukyaOfficial": {"fake_probability": 1.0, "real_probability": 0.0, "total_mentions": 1}, "JohnRya13591294": {"fake_probability": 1.0, "real_probability": 0.0, "total_mentions": 1}, "spavis": {"fake_probability": 0.0, "real_probability": 1.0, "total_mentions": 1}, "AbbottNews": {"fake_probability": 1.0, "real_probability": 0.0, "total_mentions": 1}, "mediawise": {"fake_probability": 1.0, "real_probability": 0.0, "total_mentions": 1}, "cuttingforstone": {"fake_probability": 0.0, "real_probability": 1.0, "total_mentions": 1}, "MKEhealth": {"fake_probability": 0.0, "real_probability": 1.0, "total_mentions": 1}, "UNinIndia": {"fake_probability": 0.0, "real_probability": 1.0, "total_mentions": 1}, "Github": {"fake_probability": 0.0, "real_probability": 1.0, "total_mentions": 1}, "DHFWKA": {"fake_probability": 1.0, "real_probability": 0.0, "total_mentions": 1}, "USATODAY": {"fake_probability": 0.0, "real_probability": 1.0, "total_mentions": 1}, "MountsinaiRMTI": {"fake_probability": 1.0, "real_probability": 0.0, "total_mentions": 1}, "Medscape": {"fake_probability": 0.0, "real_probability": 1.0, "total_mentions": 1}, "RuddsBunny": {"fake_probability": 1.0, "real_probability": 0.0, "total_mentions": 1}, "Tejasvi_Surya": {"fake_probability": 1.0, "real_probability": 0.0, "total_mentions": 1}, "dpkpillay12": {"fake_probability": 1.0, "real_probability": 0.0, "total_mentions": 1}, "_devBhatt": {"fake_probability": 0.0, "real_probability": 1.0, "total_mentions": 1}, "AIT_Online": {"fake_probability": 0.0, "real_probability": 1.0, "total_mentions": 1}, "JamesDSteinberg": {"fake_probability": 1.0, "real_probability": 0.0, "total_mentions": 1}, "ShaneJa16905901": {"fake_probability": 1.0, "real_probability": 0.0, "total_mentions": 1}, "NigEducation": {"fake_probability": 0.0, "real_probability": 1.0, "total_mentions": 1}, "no2wind": {"fake_probability": 1.0, "real_probability": 0.0, "total_mentions": 1}, "SaketGokhale": {"fake_probability": 0.0, "real_probability": 1.0, "total_mentions": 1}, "kff": {"fake_probability": 0.0, "real_probability": 1.0, "total_mentions": 1}, "tripleGGGx": {"fake_probability": 1.0, "real_probability": 0.0, "total_mentions": 1}, "Rick_at_WSNZ": {"fake_probability": 0.0, "real_probability": 1.0, "total_mentions": 1}, "jrwyke": {"fake_probability": 1.0, "real_probability": 0.0, "total_mentions": 1}, "kryzia_marie": {"fake_probability": 1.0, "real_probability": 0.0, "total_mentions": 1}, "kylegriffin1": {"fake_probability": 1.0, "real_probability": 0.0, "total_mentions": 1}, "cjtjgeol": {"fake_probability": 1.0, "real_probability": 0.0, "total_mentions": 1}, "kmccready": {"fake_probability": 0.0, "real_probability": 1.0, "total_mentions": 1}, "EricTopol": {"fake_probability": 0.0, "real_probability": 1.0, "total_mentions": 1}, "PaulPauwaert": {"fake_probability": 0.0, "real_probability": 1.0, "total_mentions": 1}, "pabloperguz": {"fake_probability": 0.0, "real_probability": 1.0, "total_mentions": 1}, "AntiracismCtr": {"fake_probability": 0.0, "real_probability": 1.0, "total_mentions": 1}, "AriFleischer": {"fake_probability": 1.0, "real_probability": 0.0, "total_mentions": 1}, "VinGuptaMD": {"fake_probability": 0.0, "real_probability": 1.0, "total_mentions": 1}, "AmySherman1": {"fake_probability": 1.0, "real_probability": 0.0, "total_mentions": 1}, "WHOSEARO": {"fake_probability": 0.0, "real_probability": 1.0, "total_mentions": 1}, "covid19nccc": {"fake_probability": 0.0, "real_probability": 1.0, "total_mentions": 1}, "robreiner": {"fake_probability": 1.0, "real_probability": 0.0, "total_mentions": 1}, "WHOPhilippines": {"fake_probability": 0.0, "real_probability": 1.0, "total_mentions": 1}, "Keir_Starmer": {"fake_probability": 0.0, "real_probability": 1.0, "total_mentions": 1}, "Gazza41": {"fake_probability": 1.0, "real_probability": 0.0, "total_mentions": 1}, "KagAshley": {"fake_probability": 1.0, "real_probability": 0.0, "total_mentions": 1}, "PathogenScribe": {"fake_probability": 1.0, "real_probability": 0.0, "total_mentions": 1}, "Mac_Paddy54": {"fake_probability": 1.0, "real_probability": 0.0, "total_mentions": 1}, "JohnAbrahamCLUB": {"fake_probability": 1.0, "real_probability": 0.0, "total_mentions": 1}, "DougBurgum": {"fake_probability": 0.0, "real_probability": 1.0, "total_mentions": 1}, "seanmdav": {"fake_probability": 1.0, "real_probability": 0.0, "total_mentions": 1}, "WhatTheBit": {"fake_probability": 1.0, "real_probability": 0.0, "total_mentions": 1}, "RanaAyyub": {"fake_probability": 1.0, "real_probability": 0.0, "total_mentions": 1}, "GovPhilScott": {"fake_probability": 1.0, "real_probability": 0.0, "total_mentions": 1}, "CedarCourtHotel": {"fake_probability": 1.0, "real_probability": 0.0, "total_mentions": 1}, "NickAPalmer": {"fake_probability": 1.0, "real_probability": 0.0, "total_mentions": 1}, "Begentle50": {"fake_probability": 1.0, "real_probability": 0.0, "total_mentions": 1}, "BrigCM123": {"fake_probability": 1.0, "real_probability": 0.0, "total_mentions": 1}, "MsKateMcD": {"fake_probability": 0.0, "real_probability": 1.0, "total_mentions": 1}, "JennyMikakos": {"fake_probability": 1.0, "real_probability": 0.0, "total_mentions": 1}, "IcahnMountSinai": {"fake_probability": 1.0, "real_probability": 0.0, "total_mentions": 1}, "cnni": {"fake_probability": 1.0, "real_probability": 0.0, "total_mentions": 1}, "HuntsonMark": {"fake_probability": 1.0, "real_probability": 0.0, "total_mentions": 1}, "Edele_Bear": {"fake_probability": 1.0, "real_probability": 0.0, "total_mentions": 1}, "VinLew": {"fake_probability": 0.0, "real_probability": 1.0, "total_mentions": 1}, "Yahoo": {"fake_probability": 1.0, "real_probability": 0.0, "total_mentions": 1}, "OfficialFCTA": {"fake_probability": 0.0, "real_probability": 1.0, "total_mentions": 1}, "ProjectLincoln": {"fake_probability": 1.0, "real_probability": 0.0, "total_mentions": 1}, "dgm415": {"fake_probability": 1.0, "real_probability": 0.0, "total_mentions": 1}, "VeuveK": {"fake_probability": 1.0, "real_probability": 0.0, "total_mentions": 1}, "ScottGottliebMD": {"fake_probability": 0.0, "real_probability": 1.0, "total_mentions": 1}, "CNBC": {"fake_probability": 0.0, "real_probability": 1.0, "total_mentions": 1}, "andrewlawrence": {"fake_probability": 1.0, "real_probability": 0.0, "total_mentions": 1}, "Vic_Rollison": {"fake_probability": 1.0, "real_probability": 0.0, "total_mentions": 1}, "HedgeyeDJ": {"fake_probability": 1.0, "real_probability": 0.0, "total_mentions": 1}, "SeptAteNeuf": {"fake_probability": 0.0, "real_probability": 1.0, "total_mentions": 1}, "anjan1588": {"fake_probability": 0.0, "real_probability": 1.0, "total_mentions": 1}, "BallouxFrancois": {"fake_probability": 1.0, "real_probability": 0.0, "total_mentions": 1}, "nature": {"fake_probability": 0.0, "real_probability": 1.0, "total_mentions": 1}, "readingkafka": {"fake_probability": 1.0, "real_probability": 0.0, "total_mentions": 1}, "g0leary": {"fake_probability": 0.0, "real_probability": 1.0, "total_mentions": 1}, "afewpoints": {"fake_probability": 1.0, "real_probability": 0.0, "total_mentions": 1}, "sangeeta0312": {"fake_probability": 0.0, "real_probability": 1.0, "total_mentions": 1}, "twang0518": {"fake_probability": 0.0, "real_probability": 1.0, "total_mentions": 1}, "dralisanders": {"fake_probability": 0.0, "real_probability": 1.0, "total_mentions": 1}, "Appalachia100": {"fake_probability": 1.0, "real_probability": 0.0, "total_mentions": 1}, "ariellesophia": {"fake_probability": 0.0, "real_probability": 1.0, "total_mentions": 1}, "ReportersLab": {"fake_probability": 1.0, "real_probability": 0.0, "total_mentions": 1}, "PritiPatel": {"fake_probability": 0.0, "real_probability": 1.0, "total_mentions": 1}, "jessnielsen55": {"fake_probability": 0.0, "real_probability": 1.0, "total_mentions": 1}, "kiwibardy": {"fake_probability": 0.0, "real_probability": 1.0, "total_mentions": 1}, "BANigeria": {"fake_probability": 0.0, "real_probability": 1.0, "total_mentions": 1}, "vonderleyen": {"fake_probability": 0.0, "real_probability": 1.0, "total_mentions": 1}, "PhillyInquirer": {"fake_probability": 1.0, "real_probability": 0.0, "total_mentions": 1}, "msisodia": {"fake_probability": 0.0, "real_probability": 1.0, "total_mentions": 1}, "ABCWorldNews": {"fake_probability": 1.0, "real_probability": 0.0, "total_mentions": 1}, "Dharmen46587056": {"fake_probability": 1.0, "real_probability": 0.0, "total_mentions": 1}, "alexharv074": {"fake_probability": 1.0, "real_probability": 0.0, "total_mentions": 1}, "ColumbiaMed": {"fake_probability": 0.0, "real_probability": 1.0, "total_mentions": 1}, "Independent": {"fake_probability": 1.0, "real_probability": 0.0, "total_mentions": 1}, "free67847229": {"fake_probability": 1.0, "real_probability": 0.0, "total_mentions": 1}, "TheDisproof": {"fake_probability": 1.0, "real_probability": 0.0, "total_mentions": 1}, "markwh2001": {"fake_probability": 1.0, "real_probability": 0.0, "total_mentions": 1}, "Ravenrider2020": {"fake_probability": 1.0, "real_probability": 0.0, "total_mentions": 1}, "creatiwit": {"fake_probability": 0.0, "real_probability": 1.0, "total_mentions": 1}, "RijpeW": {"fake_probability": 1.0, "real_probability": 0.0, "total_mentions": 1}, "MattAdkin": {"fake_probability": 1.0, "real_probability": 0.0, "total_mentions": 1}, "brittajewell": {"fake_probability": 0.0, "real_probability": 1.0, "total_mentions": 1}, "Afrs1077Fm": {"fake_probability": 0.0, "real_probability": 1.0, "total_mentions": 1}, "raffi": {"fake_probability": 0.0, "real_probability": 1.0, "total_mentions": 1}, "RushhourP": {"fake_probability": 1.0, "real_probability": 0.0, "total_mentions": 1}, "DFID_UK": {"fake_probability": 0.0, "real_probability": 1.0, "total_mentions": 1}, "GaonConnection": {"fake_probability": 0.0, "real_probability": 1.0, "total_mentions": 1}, "WorldHealthOrg2": {"fake_probability": 1.0, "real_probability": 0.0, "total_mentions": 1}, "FamiliaFeeling": {"fake_probability": 0.0, "real_probability": 1.0, "total_mentions": 1}, "TheRock": {"fake_probability": 1.0, "real_probability": 0.0, "total_mentions": 1}, "LeeHurstComic": {"fake_probability": 1.0, "real_probability": 0.0, "total_mentions": 1}, "TQMKA": {"fake_probability": 1.0, "real_probability": 0.0, "total_mentions": 1}, "Mahesh10816": {"fake_probability": 1.0, "real_probability": 0.0, "total_mentions": 1}, "GovNedLamont": {"fake_probability": 0.0, "real_probability": 1.0, "total_mentions": 1}, "gretchenwhitmer": {"fake_probability": 1.0, "real_probability": 0.0, "total_mentions": 1}, "DaveZuckermanVT": {"fake_probability": 1.0, "real_probability": 0.0, "total_mentions": 1}, "CECCgov": {"fake_probability": 0.0, "real_probability": 1.0, "total_mentions": 1}, "Rovi_IR": {"fake_probability": 0.0, "real_probability": 1.0, "total_mentions": 1}, "danielleiwood": {"fake_probability": 1.0, "real_probability": 0.0, "total_mentions": 1}, "GovWhitmer": {"fake_probability": 1.0, "real_probability": 0.0, "total_mentions": 1}, "PiaBizLaw": {"fake_probability": 0.0, "real_probability": 1.0, "total_mentions": 1}, "D_Roopa_IPS": {"fake_probability": 1.0, "real_probability": 0.0, "total_mentions": 1}, "NetizenParo": {"fake_probability": 1.0, "real_probability": 0.0, "total_mentions": 1}, "ndgov": {"fake_probability": 0.0, "real_probability": 1.0, "total_mentions": 1}, "fccologne4eva": {"fake_probability": 1.0, "real_probability": 0.0, "total_mentions": 1}, "Cybertiiger": {"fake_probability": 0.0, "real_probability": 1.0, "total_mentions": 1}, "BiocomCA": {"fake_probability": 1.0, "real_probability": 0.0, "total_mentions": 1}, "ArvinderSoin": {"fake_probability": 1.0, "real_probability": 0.0, "total_mentions": 1}, "ISMMSKidney": {"fake_probability": 1.0, "real_probability": 0.0, "total_mentions": 1}, "tlowdon": {"fake_probability": 0.0, "real_probability": 1.0, "total_mentions": 1}, "madavidj": {"fake_probability": 0.0, "real_probability": 1.0, "total_mentions": 1}, "GentlemanGeorge": {"fake_probability": 1.0, "real_probability": 0.0, "total_mentions": 1}, "jdeely": {"fake_probability": 0.0, "real_probability": 1.0, "total_mentions": 1}, "FAO": {"fake_probability": 0.0, "real_probability": 1.0, "total_mentions": 1}, "charliekirk11": {"fake_probability": 1.0, "real_probability": 0.0, "total_mentions": 1}, "BroomeInWelly": {"fake_probability": 0.0, "real_probability": 1.0, "total_mentions": 1}, "wordpressdotcom": {"fake_probability": 1.0, "real_probability": 0.0, "total_mentions": 1}, "tatahealth": {"fake_probability": 1.0, "real_probability": 0.0, "total_mentions": 1}, "IndianEmbTokyo": {"fake_probability": 0.0, "real_probability": 1.0, "total_mentions": 1}, "MarshaBlackburn": {"fake_probability": 1.0, "real_probability": 0.0, "total_mentions": 1}, "RandPaul": {"fake_probability": 1.0, "real_probability": 0.0, "total_mentions": 1}, "MMMHappiness1": {"fake_probability": 1.0, "real_probability": 0.0, "total_mentions": 1}, "PTAMOM7": {"fake_probability": 1.0, "real_probability": 0.0, "total_mentions": 1}, "vijayrupanibjp": {"fake_probability": 1.0, "real_probability": 0.0, "total_mentions": 1}, "Mike_Hixenbaugh": {"fake_probability": 0.0, "real_probability": 1.0, "total_mentions": 1}, "Squeakydog1": {"fake_probability": 1.0, "real_probability": 0.0, "total_mentions": 1}, "pronxt": {"fake_probability": 0.0, "real_probability": 1.0, "total_mentions": 1}, "DawnTJ90": {"fake_probability": 1.0, "real_probability": 0.0, "total_mentions": 1}, "DrJudyAMikovits": {"fake_probability": 1.0, "real_probability": 0.0, "total_mentions": 1}, "FraserNelson": {"fake_probability": 0.0, "real_probability": 1.0, "total_mentions": 1}, "OutOfTheDarkAge": {"fake_probability": 1.0, "real_probability": 0.0, "total_mentions": 1}, "RickLeventhal": {"fake_probability": 1.0, "real_probability": 0.0, "total_mentions": 1}, "DrMikeRyan": {"fake_probability": 0.0, "real_probability": 1.0, "total_mentions": 1}, "kusa_weir": {"fake_probability": 1.0, "real_probability": 0.0, "total_mentions": 1}, "LynnRahn1": {"fake_probability": 1.0, "real_probability": 0.0, "total_mentions": 1}, "BBMPCOMM": {"fake_probability": 1.0, "real_probability": 0.0, "total_mentions": 1}, "OmarKelly": {"fake_probability": 1.0, "real_probability": 0.0, "total_mentions": 1}, "Osprey0": {"fake_probability": 1.0, "real_probability": 0.0, "total_mentions": 1}, "JEChalmers": {"fake_probability": 1.0, "real_probability": 0.0, "total_mentions": 1}, "ERSpublications": {"fake_probability": 0.0, "real_probability": 1.0, "total_mentions": 1}, "swintersections": {"fake_probability": 0.0, "real_probability": 1.0, "total_mentions": 1}, "CheeseNBranston": {"fake_probability": 1.0, "real_probability": 0.0, "total_mentions": 1}, "Robertsfinkle": {"fake_probability": 1.0, "real_probability": 0.0, "total_mentions": 1}, "econstandard": {"fake_probability": 1.0, "real_probability": 0.0, "total_mentions": 1}, "Chancine": {"fake_probability": 1.0, "real_probability": 0.0, "total_mentions": 1}, "IFAD": {"fake_probability": 0.0, "real_probability": 1.0, "total_mentions": 1}, "KamathGurudutt": {"fake_probability": 1.0, "real_probability": 0.0, "total_mentions": 1}, "ProfAkinAbayomi": {"fake_probability": 0.0, "real_probability": 1.0, "total_mentions": 1}, "DrNancyM_CDC": {"fake_probability": 0.0, "real_probability": 1.0, "total_mentions": 1}, "Greyfoxp": {"fake_probability": 1.0, "real_probability": 0.0, "total_mentions": 1}, "JuddLegum": {"fake_probability": 0.0, "real_probability": 1.0, "total_mentions": 1}, "jordan_zino": {"fake_probability": 0.0, "real_probability": 1.0, "total_mentions": 1}, "zack": {"fake_probability": 0.0, "real_probability": 1.0, "total_mentions": 1}, "GovtOfImoState": {"fake_probability": 0.0, "real_probability": 1.0, "total_mentions": 1}, "NagaTrooper": {"fake_probability": 1.0, "real_probability": 0.0, "total_mentions": 1}, "ZeeNews": {"fake_probability": 1.0, "real_probability": 0.0, "total_mentions": 1}, "myjourneymyself": {"fake_probability": 1.0, "real_probability": 0.0, "total_mentions": 1}, "madhukishwar": {"fake_probability": 1.0, "real_probability": 0.0, "total_mentions": 1}, "kevinfurr": {"fake_probability": 0.0, "real_probability": 1.0, "total_mentions": 1}, "ICMR": {"fake_probability": 0.0, "real_probability": 1.0, "total_mentions": 1}, "RenukaJain6": {"fake_probability": 1.0, "real_probability": 0.0, "total_mentions": 1}, "ProfSushmaGupta": {"fake_probability": 1.0, "real_probability": 0.0, "total_mentions": 1}, "KarluskaP": {"fake_probability": 1.0, "real_probability": 0.0, "total_mentions": 1}, "DailyInterLake": {"fake_probability": 0.0, "real_probability": 1.0, "total_mentions": 1}, "Imperial_JIDEA": {"fake_probability": 0.0, "real_probability": 1.0, "total_mentions": 1}, "TheCyberDagger": {"fake_probability": 1.0, "real_probability": 0.0, "total_mentions": 1}, "ndmaindia": {"fake_probability": 0.0, "real_probability": 1.0, "total_mentions": 1}, "backtothebeach2": {"fake_probability": 0.0, "real_probability": 1.0, "total_mentions": 1}, "daftrucker1": {"fake_probability": 1.0, "real_probability": 0.0, "total_mentions": 1}, "Arkancideisreal": {"fake_probability": 1.0, "real_probability": 0.0, "total_mentions": 1}, "DrJitendraSingh": {"fake_probability": 1.0, "real_probability": 0.0, "total_mentions": 1}, "JackWestMD": {"fake_probability": 0.0, "real_probability": 1.0, "total_mentions": 1}, "GrahameMorris": {"fake_probability": 0.0, "real_probability": 1.0, "total_mentions": 1}, "LastWordWilliam": {"fake_probability": 0.0, "real_probability": 1.0, "total_mentions": 1}, "danwootton": {"fake_probability": 1.0, "real_probability": 0.0, "total_mentions": 1}, "rspathania": {"fake_probability": 1.0, "real_probability": 0.0, "total_mentions": 1}, "DeplorableDebRN": {"fake_probability": 1.0, "real_probability": 0.0, "total_mentions": 1}, "salaambaalakngo": {"fake_probability": 1.0, "real_probability": 0.0, "total_mentions": 1}, "DelibroLawrence": {"fake_probability": 1.0, "real_probability": 0.0, "total_mentions": 1}, "jesus_jimz": {"fake_probability": 0.0, "real_probability": 1.0, "total_mentions": 1}, "Dardedar": {"fake_probability": 1.0, "real_probability": 0.0, "total_mentions": 1}, "aidanisagirl": {"fake_probability": 0.0, "real_probability": 1.0, "total_mentions": 1}, "WeVotedToLeave": {"fake_probability": 1.0, "real_probability": 0.0, "total_mentions": 1}, "AEI": {"fake_probability": 0.0, "real_probability": 1.0, "total_mentions": 1}, "YorkshireBri": {"fake_probability": 1.0, "real_probability": 0.0, "total_mentions": 1}, "GunaRockYa": {"fake_probability": 0.0, "real_probability": 1.0, "total_mentions": 1}, "BiomedJ": {"fake_probability": 1.0, "real_probability": 0.0, "total_mentions": 1}, "Ratnaprabha_IAS": {"fake_probability": 1.0, "real_probability": 0.0, "total_mentions": 1}, "CanadianCorrup1": {"fake_probability": 1.0, "real_probability": 0.0, "total_mentions": 1}, "veryvirology": {"fake_probability": 1.0, "real_probability": 0.0, "total_mentions": 1}, "StormSignalSA": {"fake_probability": 1.0, "real_probability": 0.0, "total_mentions": 1}, "SaleyhaAhsan": {"fake_probability": 0.0, "real_probability": 1.0, "total_mentions": 1}, "literaryeric": {"fake_probability": 1.0, "real_probability": 0.0, "total_mentions": 1}, "thatAmartya": {"fake_probability": 1.0, "real_probability": 0.0, "total_mentions": 1}, "NFIDvaccines": {"fake_probability": 0.0, "real_probability": 1.0, "total_mentions": 1}, "TheDailyMao": {"fake_probability": 1.0, "real_probability": 0.0, "total_mentions": 1}, "AnnaGConnell": {"fake_probability": 0.0, "real_probability": 1.0, "total_mentions": 1}, "coronams": {"fake_probability": 0.0, "real_probability": 1.0, "total_mentions": 1}, "ImDanThompson": {"fake_probability": 1.0, "real_probability": 0.0, "total_mentions": 1}, "WADeptHealth": {"fake_probability": 0.0, "real_probability": 1.0, "total_mentions": 1}, "chrislhayes": {"fake_probability": 0.0, "real_probability": 1.0, "total_mentions": 1}, "MBIEgovtnz": {"fake_probability": 0.0, "real_probability": 1.0, "total_mentions": 1}, "jburnmurdoch": {"fake_probability": 1.0, "real_probability": 0.0, "total_mentions": 1}, "mybmc": {"fake_probability": 0.0, "real_probability": 1.0, "total_mentions": 1}, "AlistairHaimes": {"fake_probability": 0.0, "real_probability": 1.0, "total_mentions": 1}, "theicai": {"fake_probability": 1.0, "real_probability": 0.0, "total_mentions": 1}, "VP": {"fake_probability": 1.0, "real_probability": 0.0, "total_mentions": 1}, "Munchbunch87": {"fake_probability": 1.0, "real_probability": 0.0, "total_mentions": 1}, "wionews": {"fake_probability": 1.0, "real_probability": 0.0, "total_mentions": 1}, "Fauntleroy1934": {"fake_probability": 1.0, "real_probability": 0.0, "total_mentions": 1}, "antonioguterres": {"fake_probability": 0.0, "real_probability": 1.0, "total_mentions": 1}, "susan04071": {"fake_probability": 1.0, "real_probability": 0.0, "total_mentions": 1}, "KevinlyFather": {"fake_probability": 1.0, "real_probability": 0.0, "total_mentions": 1}, "amazon": {"fake_probability": 1.0, "real_probability": 0.0, "total_mentions": 1}, "billdmccarthy": {"fake_probability": 1.0, "real_probability": 0.0, "total_mentions": 1}, "HealthyFla": {"fake_probability": 0.0, "real_probability": 1.0, "total_mentions": 1}, "AyushmanHWCs": {"fake_probability": 0.0, "real_probability": 1.0, "total_mentions": 1}, "colleenkraftmd": {"fake_probability": 0.0, "real_probability": 1.0, "total_mentions": 1}, "mexiwi": {"fake_probability": 0.0, "real_probability": 1.0, "total_mentions": 1}, "talkRADIO": {"fake_probability": 1.0, "real_probability": 0.0, "total_mentions": 1}, "WndlB": {"fake_probability": 0.0, "real_probability": 1.0, "total_mentions": 1}, "MoH": {"fake_probability": 0.0, "real_probability": 1.0, "total_mentions": 1}, "Aball001Andrea": {"fake_probability": 1.0, "real_probability": 0.0, "total_mentions": 1}, "YaakovNahmias": {"fake_probability": 0.0, "real_probability": 1.0, "total_mentions": 1}, "iammisstrees": {"fake_probability": 1.0, "real_probability": 0.0, "total_mentions": 1}, "BorisJohnson": {"fake_probability": 1.0, "real_probability": 0.0, "total_mentions": 1}, "dw2essex": {"fake_probability": 1.0, "real_probability": 0.0, "total_mentions": 1}, "malarianomoreuk": {"fake_probability": 0.0, "real_probability": 1.0, "total_mentions": 1}, "chicagosmayor": {"fake_probability": 1.0, "real_probability": 0.0, "total_mentions": 1}, "youyanggu": {"fake_probability": 0.0, "real_probability": 1.0, "total_mentions": 1}, "SuzanneEvans1": {"fake_probability": 1.0, "real_probability": 0.0, "total_mentions": 1}, "jsolomonReports": {"fake_probability": 1.0, "real_probability": 0.0, "total_mentions": 1}, "BrknMan": {"fake_probability": 1.0, "real_probability": 0.0, "total_mentions": 1}, "William05548637": {"fake_probability": 1.0, "real_probability": 0.0, "total_mentions": 1}, "DWildemuth": {"fake_probability": 0.0, "real_probability": 1.0, "total_mentions": 1}, "KarinaClaudiob": {"fake_probability": 0.0, "real_probability": 1.0, "total_mentions": 1}, "sabrina_bia3": {"fake_probability": 1.0, "real_probability": 0.0, "total_mentions": 1}, "RanuDhillon": {"fake_probability": 1.0, "real_probability": 0.0, "total_mentions": 1}, "BankofAmerica": {"fake_probability": 1.0, "real_probability": 0.0, "total_mentions": 1}, "GovLarryHogan": {"fake_probability": 0.0, "real_probability": 1.0, "total_mentions": 1}, "HitFMCalabar": {"fake_probability": 0.0, "real_probability": 1.0, "total_mentions": 1}, "ajdlinux": {"fake_probability": 0.0, "real_probability": 1.0, "total_mentions": 1}, "hellochante": {"fake_probability": 0.0, "real_probability": 1.0, "total_mentions": 1}, "ConceptualJames": {"fake_probability": 1.0, "real_probability": 0.0, "total_mentions": 1}, "steven_reaney": {"fake_probability": 1.0, "real_probability": 0.0, "total_mentions": 1}, "Co_Immunity_": {"fake_probability": 1.0, "real_probability": 0.0, "total_mentions": 1}, "NastySurf": {"fake_probability": 0.0, "real_probability": 1.0, "total_mentions": 1}, "jimdtweet": {"fake_probability": 1.0, "real_probability": 0.0, "total_mentions": 1}, "luvhopecourage": {"fake_probability": 0.0, "real_probability": 1.0, "total_mentions": 1}, "MikeDel21893959": {"fake_probability": 1.0, "real_probability": 0.0, "total_mentions": 1}, "Canada": {"fake_probability": 0.0, "real_probability": 1.0, "total_mentions": 1}, "ThirdEyeBlind9": {"fake_probability": 0.0, "real_probability": 1.0, "total_mentions": 1}, "Lord_Loredo": {"fake_probability": 0.0, "real_probability": 1.0, "total_mentions": 1}, "IBergwiesel": {"fake_probability": 1.0, "real_probability": 0.0, "total_mentions": 1}, "propublica": {"fake_probability": 0.0, "real_probability": 1.0, "total_mentions": 1}}