{"twitter.com": {"real_probability": 0.8389031705227078, "fake_probability": 0.1610968294772922, "total_mentions": 1167.0}, "news.sky.com": {"real_probability": 1.0, "fake_probability": 0.0, "total_mentions": 274.0}, "www.medscape.com": {"real_probability": 1.0, "fake_probability": 0.0, "total_mentions": 258.0}, "www.thespoof.com": {"real_probability": 0.0, "fake_probability": 1.0, "total_mentions": 253.0}, "t.co": {"real_probability": 0.9948186528497409, "fake_probability": 0.0051813471502590676, "total_mentions": 193.0}, "www.politifact.com": {"real_probability": 0.0, "fake_probability": 1.0, "total_mentions": 123.0}, "www.cdc.gov": {"real_probability": 1.0, "fake_probability": 0.0, "total_mentions": 102.0}, "covidtracking.com": {"real_probability": 1.0, "fake_probability": 0.0, "total_mentions": 93.0}, "newsthump.com": {"real_probability": 0.0, "fake_probability": 1.0, "total_mentions": 68.0}, "pib.gov.in": {"real_probability": 1.0, "fake_probability": 0.0, "total_mentions": 48.0}, "www.thebeaverton.com": {"real_probability": 0.0, "fake_probability": 1.0, "total_mentions": 47.0}, "waterfordwhispersnews.com": {"real_probability": 0.0, "fake_probability": 1.0, "total_mentions": 46.0}, "www.who.int": {"real_probability": 1.0, "fake_probability": 0.0, "total_mentions": 40.0}, "covid19.ncdc.gov.ng": {"real_probability": 1.0, "fake_probability": 0.0, "total_mentions": 35.0}, "inbministry.blogspot.com": {"real_probability": 1.0, "fake_probability": 0.0, "total_mentions": 33.0}, "www.abc.net.au": {"real_probability": 0.0, "fake_probability": 1.0, "total_mentions": 31.0}, "newsfactsnetwork.com": {"real_probability": 0.0, "fake_probability": 1.0, "total_mentions": 26.0}, "www.thedailymash.co.uk": {"real_probability": 0.0, "fake_probability": 1.0, "total_mentions": 22.0}, "www.imperial.ac.uk": {"real_probability": 1.0, "fake_probability": 0.0, "total_mentions": 18.0}, "covidactnow.org": {"real_probability": 1.0, "fake_probability": 0.0, "total_mentions": 18.0}, "www.mohfw.gov.in": {"real_probability": 1.0, "fake_probability": 0.0, "total_mentions": 15.0}, "www.youtube.com": {"real_probability": 0.35714285714285715, "fake_probability": 0.6428571428571429, "total_mentions": 14.0}, "www.mdedge.com": {"real_probability": 1.0, "fake_probability": 0.0, "total_mentions": 14.0}, "www.gossipcop.com": {"real_probability": 0.0, "fake_probability": 1.0, "total_mentions": 13.0}, "www.factchecker.in": {"real_probability": 0.0, "fake_probability": 1.0, "total_mentions": 12.0}, "docs.google.com": {"real_probability": 1.0, "fake_probability": 0.0, "total_mentions": 8.0}, "thebeaverton.com": {"real_probability": 0.0, "fake_probability": 1.0, "total_mentions": 8.0}, "www.thip.media": {"real_probability": 0.0, "fake_probability": 1.0, "total_mentions": 7.0}, "www.duffelblog.com": {"real_probability": 0.0, "fake_probability": 1.0, "total_mentions": 7.0}, "investors.modernatx.com": {"real_probability": 1.0, "fake_probability": 0.0, "total_mentions": 7.0}, "shop.newsthump.com": {"real_probability": 0.0, "fake_probability": 1.0, "total_mentions": 7.0}, "arogya.maharashtra.gov.in": {"real_probability": 1.0, "fake_probability": 0.0, "total_mentions": 6.0}, "www.theguardian.com": {"real_probability": 0.16666666666666666, "fake_probability": 0.8333333333333334, "total_mentions": 6.0}, "reference.medscape.com": {"real_probability": 1.0, "fake_probability": 0.0, "total_mentions": 6.0}, "www.icmr.gov.in": {"real_probability": 1.0, "fake_probability": 0.0, "total_mentions": 6.0}, "blog.covidactnow.org": {"real_probability": 1.0, "fake_probability": 0.0, "total_mentions": 6.0}, "www.betootaadvocate.com": {"real_probability": 0.0, "fake_probability": 1.0, "total_mentions": 5.0}, "joebiden.com": {"real_probability": 0.0, "fake_probability": 1.0, "total_mentions": 5.0}, "www.aninews.in": {"real_probability": 1.0, "fake_probability": 0.0, "total_mentions": 5.0}, "covid19.govt.nz": {"real_probability": 1.0, "fake_probability": 0.0, "total_mentions": 4.0}, "onlinelibrary.wiley.com": {"real_probability": 0.75, "fake_probability": 0.25, "total_mentions": 4.0}, "emedicine.medscape.com": {"real_probability": 1.0, "fake_probability": 0.0, "total_mentions": 4.0}, "www.nytimes.com": {"real_probability": 0.25, "fake_probability": 0.75, "total_mentions": 4.0}, "www.vox.com": {"real_probability": 0.5, "fake_probability": 0.5, "total_mentions": 4.0}, "www.facebook.com": {"real_probability": 0.25, "fake_probability": 0.75, "total_mentions": 4.0}, "www.thelancet.com": {"real_probability": 0.5, "fake_probability": 0.5, "total_mentions": 4.0}, "www.cnn.com": {"real_probability": 1.0, "fake_probability": 0.0, "total_mentions": 4.0}, "www.mha.gov.in": {"real_probability": 1.0, "fake_probability": 0.0, "total_mentions": 4.0}, "covid.cdc.gov": {"real_probability": 1.0, "fake_probability": 0.0, "total_mentions": 4.0}, "www.civilaviation.gov.in": {"real_probability": 1.0, "fake_probability": 0.0, "total_mentions": 3.0}, "www.brighteon.com": {"real_probability": 0.0, "fake_probability": 1.0, "total_mentions": 3.0}, "timesofindia.indiatimes.com": {"real_probability": 0.3333333333333333, "fake_probability": 0.6666666666666666, "total_mentions": 3.0}, "www.poynter.org": {"real_probability": 0.0, "fake_probability": 1.0, "total_mentions": 3.0}, "www.theatlantic.com": {"real_probability": 1.0, "fake_probability": 0.0, "total_mentions": 3.0}, "newschecker.in": {"real_probability": 0.0, "fake_probability": 1.0, "total_mentions": 3.0}, "accounts.google.com": {"real_probability": 1.0, "fake_probability": 0.0, "total_mentions": 3.0}, "www.health.govt.nz": {"real_probability": 1.0, "fake_probability": 0.0, "total_mentions": 3.0}, "gisgmda.maps.arcgis.com": {"real_probability": 1.0, "fake_probability": 0.0, "total_mentions": 3.0}, "www.pib.gov.in": {"real_probability": 1.0, "fake_probability": 0.0, "total_mentions": 3.0}, "ncdc.gov.ng": {"real_probability": 1.0, "fake_probability": 0.0, "total_mentions": 3.0}, "www.medrxiv.org": {"real_probability": 1.0, "fake_probability": 0.0, "total_mentions": 3.0}, "www1.nyc.gov": {"real_probability": 1.0, "fake_probability": 0.0, "total_mentions": 2.0}, "time.com": {"real_probability": 0.0, "fake_probability": 1.0, "total_mentions": 2.0}, "www.wionews.com": {"real_probability": 0.0, "fake_probability": 1.0, "total_mentions": 2.0}, "emergency.cdc.gov": {"real_probability": 1.0, "fake_probability": 0.0, "total_mentions": 2.0}, "wwwnc.cdc.gov": {"real_probability": 1.0, "fake_probability": 0.0, "total_mentions": 2.0}, "www.infectioncontroltoday.com": {"real_probability": 0.0, "fake_probability": 1.0, "total_mentions": 2.0}, "www.worldometers.info": {"real_probability": 1.0, "fake_probability": 0.0, "total_mentions": 2.0}, "nypost.com": {"real_probability": 0.0, "fake_probability": 1.0, "total_mentions": 2.0}, "www.newsweek.com": {"real_probability": 0.0, "fake_probability": 1.0, "total_mentions": 2.0}, "www.foxnews.com": {"real_probability": 0.0, "fake_probability": 1.0, "total_mentions": 2.0}, "science.sciencemag.org": {"real_probability": 1.0, "fake_probability": 0.0, "total_mentions": 2.0}, "amp.cnn.com": {"real_probability": 1.0, "fake_probability": 0.0, "total_mentions": 2.0}, "mailchi.mp": {"real_probability": 0.0, "fake_probability": 1.0, "total_mentions": 2.0}, "www.perchcoworking.co.uk": {"real_probability": 0.0, "fake_probability": 1.0, "total_mentions": 2.0}, "www.axios.com": {"real_probability": 0.0, "fake_probability": 1.0, "total_mentions": 2.0}, "www.vice.com": {"real_probability": 0.5, "fake_probability": 0.5, "total_mentions": 2.0}, "portal.ct.gov": {"real_probability": 1.0, "fake_probability": 0.0, "total_mentions": 2.0}, "www.ageofautism.com": {"real_probability": 0.0, "fake_probability": 1.0, "total_mentions": 2.0}, "medium.com": {"real_probability": 0.5, "fake_probability": 0.5, "total_mentions": 2.0}, "www.cbc.ca": {"real_probability": 0.0, "fake_probability": 1.0, "total_mentions": 2.0}, "www.indiatvnews.com": {"real_probability": 0.0, "fake_probability": 1.0, "total_mentions": 2.0}, "ww38.jobs.msg-look.co": {"real_probability": 0.0, "fake_probability": 1.0, "total_mentions": 1.0}, "north-wales-business.co.uk": {"real_probability": 0.0, "fake_probability": 1.0, "total_mentions": 1.0}, "www.pnas.org": {"real_probability": 1.0, "fake_probability": 0.0, "total_mentions": 1.0}, "www.aljazeera.com": {"real_probability": 0.0, "fake_probability": 1.0, "total_mentions": 1.0}, "web.mhanet.com": {"real_probability": 1.0, "fake_probability": 0.0, "total_mentions": 1.0}, "ddi.sutd.edu.sg": {"real_probability": 0.0, "fake_probability": 1.0, "total_mentions": 1.0}, "www.copcov.org": {"real_probability": 0.0, "fake_probability": 1.0, "total_mentions": 1.0}, "smebusinessnews.co.uk": {"real_probability": 0.0, "fake_probability": 1.0, "total_mentions": 1.0}, "en.m.wikipedia.org": {"real_probability": 0.0, "fake_probability": 1.0, "total_mentions": 1.0}, "www.bbc.co.uk": {"real_probability": 1.0, "fake_probability": 0.0, "total_mentions": 1.0}, "www.sfchronicle.com": {"real_probability": 0.0, "fake_probability": 1.0, "total_mentions": 1.0}, "pubmed.ncbi.nlm.nih.gov": {"real_probability": 0.0, "fake_probability": 1.0, "total_mentions": 1.0}, "news.yahoo.com": {"real_probability": 0.0, "fake_probability": 1.0, "total_mentions": 1.0}, "www.whitehouse.gov": {"real_probability": 0.0, "fake_probability": 1.0, "total_mentions": 1.0}, "www.ncbi.nlm.nih.gov": {"real_probability": 0.0, "fake_probability": 1.0, "total_mentions": 1.0}, "www.tatahealth.com": {"real_probability": 0.0, "fake_probability": 1.0, "total_mentions": 1.0}, "www.businesstoday.in": {"real_probability": 1.0, "fake_probability": 0.0, "total_mentions": 1.0}, "revenue.delhi.gov.in": {"real_probability": 1.0, "fake_probability": 0.0, "total_mentions": 1.0}, "www.medpagetoday.com": {"real_probability": 0.0, "fake_probability": 1.0, "total_mentions": 1.0}, "public.tableau.com": {"real_probability": 1.0, "fake_probability": 0.0, "total_mentions": 1.0}, "dailyinterlake.com": {"real_probability": 1.0, "fake_probability": 0.0, "total_mentions": 1.0}, "www.journalofinfection.com": {"real_probability": 1.0, "fake_probability": 0.0, "total_mentions": 1.0}, "khn.org": {"real_probability": 1.0, "fake_probability": 0.0, "total_mentions": 1.0}, "www.sciencedirect.com": {"real_probability": 1.0, "fake_probability": 0.0, "total_mentions": 1.0}, "newsfromwales.co.uk": {"real_probability": 0.0, "fake_probability": 1.0, "total_mentions": 1.0}, "www.cms.gov": {"real_probability": 1.0, "fake_probability": 0.0, "total_mentions": 1.0}, "omaha.com": {"real_probability": 1.0, "fake_probability": 0.0, "total_mentions": 1.0}, "brazilian.report": {"real_probability": 0.0, "fake_probability": 1.0, "total_mentions": 1.0}, "www.azdhs.gov": {"real_probability": 1.0, "fake_probability": 0.0, "total_mentions": 1.0}, "www.washingtonpost.com": {"real_probability": 0.0, "fake_probability": 1.0, "total_mentions": 1.0}, "londoncomputercleaning.co.uk": {"real_probability": 0.0, "fake_probability": 1.0, "total_mentions": 1.0}, "health.odisha.gov.in": {"real_probability": 1.0, "fake_probability": 0.0, "total_mentions": 1.0}, "experience.arcgis.com": {"real_probability": 1.0, "fake_probability": 0.0, "total_mentions": 1.0}, "www.clinicalmicrobiologyandinfection.com": {"real_probability": 1.0, "fake_probability": 0.0, "total_mentions": 1.0}, "www.thegatewaypundit.com": {"real_probability": 0.0, "fake_probability": 1.0, "total_mentions": 1.0}, "www.scmp.com": {"real_probability": 0.0, "fake_probability": 1.0, "total_mentions": 1.0}, "www.nejm.org": {"real_probability": 0.0, "fake_probability": 1.0, "total_mentions": 1.0}, "zeenews.india.com": {"real_probability": 1.0, "fake_probability": 0.0, "total_mentions": 1.0}, "www.latimes.com": {"real_probability": 0.0, "fake_probability": 1.0, "total_mentions": 1.0}, "txdshs.maps.arcgis.com": {"real_probability": 1.0, "fake_probability": 0.0, "total_mentions": 1.0}, "thisisreno.com": {"real_probability": 1.0, "fake_probability": 0.0, "total_mentions": 1.0}, "www.fox5atlanta.com": {"real_probability": 1.0, "fake_probability": 0.0, "total_mentions": 1.0}, "patents.justia.com": {"real_probability": 0.0, "fake_probability": 1.0, "total_mentions": 1.0}, "nitp.ncdc.gov.ng": {"real_probability": 1.0, "fake_probability": 0.0, "total_mentions": 1.0}, "pennhills.org": {"real_probability": 1.0, "fake_probability": 0.0, "total_mentions": 1.0}, "www.bendigoadvertiser.com.au": {"real_probability": 0.0, "fake_probability": 1.0, "total_mentions": 1.0}, "www.dailyitem.com": {"real_probability": 1.0, "fake_probability": 0.0, "total_mentions": 1.0}, "coronavirus.maryland.gov": {"real_probability": 1.0, "fake_probability": 0.0, "total_mentions": 1.0}, "consultqd.clevelandclinic.org": {"real_probability": 0.0, "fake_probability": 1.0, "total_mentions": 1.0}, "j-idea.github.io": {"real_probability": 1.0, "fake_probability": 0.0, "total_mentions": 1.0}, "theflashtoday.com": {"real_probability": 1.0, "fake_probability": 0.0, "total_mentions": 1.0}, "www.epochtimes.com": {"real_probability": 0.0, "fake_probability": 1.0, "total_mentions": 1.0}, "wdet.org": {"real_probability": 1.0, "fake_probability": 0.0, "total_mentions": 1.0}, "mixlr.com": {"real_probability": 1.0, "fake_probability": 0.0, "total_mentions": 1.0}, "thehill.com": {"real_probability": 0.0, "fake_probability": 1.0, "total_mentions": 1.0}, "www.politico.com": {"real_probability": 0.0, "fake_probability": 1.0, "total_mentions": 1.0}, "sciencejournalforkids.org": {"real_probability": 1.0, "fake_probability": 0.0, "total_mentions": 1.0}, "crooked.com": {"real_probability": 0.0, "fake_probability": 1.0, "total_mentions": 1.0}, "www.acpjournals.org": {"real_probability": 1.0, "fake_probability": 0.0, "total_mentions": 1.0}, "www.instagram.com": {"real_probability": 0.0, "fake_probability": 1.0, "total_mentions": 1.0}, "www.standard.co.uk": {"real_probability": 0.0, "fake_probability": 1.0, "total_mentions": 1.0}, "www.wandtv.com": {"real_probability": 1.0, "fake_probability": 0.0, "total_mentions": 1.0}, "www.eastvalleytribune.com": {"real_probability": 1.0, "fake_probability": 0.0, "total_mentions": 1.0}, "www.msn.com": {"real_probability": 0.0, "fake_probability": 1.0, "total_mentions": 1.0}, "wqth.wordpress.com": {"real_probability": 0.0, "fake_probability": 1.0, "total_mentions": 1.0}, "www.npr.org": {"real_probability": 0.0, "fake_probability": 1.0, "total_mentions": 1.0}, "www.thehindubusinessline.com": {"real_probability": 0.0, "fake_probability": 1.0, "total_mentions": 1.0}, "ponderwall.com": {"real_probability": 0.0, "fake_probability": 1.0, "total_mentions": 1.0}, "english.sakshi.com": {"real_probability": 0.0, "fake_probability": 1.0, "total_mentions": 1.0}, "hoops227.biz": {"real_probability": 0.0, "fake_probability": 1.0, "total_mentions": 1.0}, "www.cddwestafrica.org": {"real_probability": 1.0, "fake_probability": 0.0, "total_mentions": 1.0}, "bmjopen.bmj.com": {"real_probability": 1.0, "fake_probability": 0.0, "total_mentions": 1.0}, "madridmarket.es": {"real_probability": 0.0, "fake_probability": 1.0, "total_mentions": 1.0}, "www.bu.edu": {"real_probability": 1.0, "fake_probability": 0.0, "total_mentions": 1.0}, "www.unz.com": {"real_probability": 0.0, "fake_probability": 1.0, "total_mentions": 1.0}, "watsupamericas.com": {"real_probability": 0.0, "fake_probability": 1.0, "total_mentions": 1.0}, "www.modernatx.com": {"real_probability": 1.0, "fake_probability": 0.0, "total_mentions": 1.0}, "www.ed.ac.uk": {"real_probability": 0.0, "fake_probability": 1.0, "total_mentions": 1.0}, "nnn.ng": {"real_probability": 1.0, "fake_probability": 0.0, "total_mentions": 1.0}, "www.doh.wa.gov": {"real_probability": 1.0, "fake_probability": 0.0, "total_mentions": 1.0}, "www.recoverytrial.net": {"real_probability": 0.0, "fake_probability": 1.0, "total_mentions": 1.0}, "www.usatoday.com": {"real_probability": 1.0, "fake_probability": 0.0, "total_mentions": 1.0}, "www.cbsnews.com": {"real_probability": 1.0, "fake_probability": 0.0, "total_mentions": 1.0}, "riverheadlocal.com": {"real_probability": 1.0, "fake_probability": 0.0, "total_mentions": 1.0}, "www.transport.govt.nz": {"real_probability": 1.0, "fake_probability": 0.0, "total_mentions": 1.0}, "www.wbhealth.gov.in": {"real_probability": 1.0, "fake_probability": 0.0, "total_mentions": 1.0}, "us02web.zoom.us": {"real_probability": 0.0, "fake_probability": 1.0, "total_mentions": 1.0}, "www.oregonlive.com": {"real_probability": 1.0, "fake_probability": 0.0, "total_mentions": 1.0}, "covid19responsefund.org": {"real_probability": 1.0, "fake_probability": 0.0, "total_mentions": 1.0}, "uk-business-news.co.uk": {"real_probability": 0.0, "fake_probability": 1.0, "total_mentions": 1.0}, "sputniknews.com": {"real_probability": 0.0, "fake_probability": 1.0, "total_mentions": 1.0}, "www.sltrib.com": {"real_probability": 1.0, "fake_probability": 0.0, "total_mentions": 1.0}, "gis.cdc.gov": {"real_probability": 1.0, "fake_probability": 0.0, "total_mentions": 1.0}, "hidden-element.in": {"real_probability": 0.0, "fake_probability": 1.0, "total_mentions": 1.0}, "ghpp.de": {"real_probability": 1.0, "fake_probability": 0.0, "total_mentions": 1.0}, "www.bloomberg.com": {"real_probability": 0.0, "fake_probability": 1.0, "total_mentions": 1.0}, "coronavirus-response-alaska-dhss.hub.arcgis.com": {"real_probability": 1.0, "fake_probability": 0.0, "total_mentions": 1.0}, "www.cdph.ca.gov": {"real_probability": 1.0, "fake_probability": 0.0, "total_mentions": 1.0}, "www.nature.com": {"real_probability": 1.0, "fake_probability": 0.0, "total_mentions": 1.0}, "www.6sqft.com": {"real_probability": 0.0, "fake_probability": 1.0, "total_mentions": 1.0}, "www.dw.com": {"real_probability": 0.0, "fake_probability": 1.0, "total_mentions": 1.0}, "businessinthenews.co.uk": {"real_probability": 0.0, "fake_probability": 1.0, "total_mentions": 1.0}, "punchng.com": {"real_probability": 1.0, "fake_probability": 0.0, "total_mentions": 1.0}, "www.census.gov": {"real_probability": 1.0, "fake_probability": 0.0, "total_mentions": 1.0}, "ccc19.org": {"real_probability": 1.0, "fake_probability": 0.0, "total_mentions": 1.0}, "www.wsj.com": {"real_probability": 1.0, "fake_probability": 0.0, "total_mentions": 1.0}, "www.nbcnews.com": {"real_probability": 1.0, "fake_probability": 0.0, "total_mentions": 1.0}, "www.journalofhospitalinfection.com": {"real_probability": 1.0, "fake_probability": 0.0, "total_mentions": 1.0}, "www.houstonchronicle.com": {"real_probability": 1.0, "fake_probability": 0.0, "total_mentions": 1.0}, "ilcuk.org.uk": {"real_probability": 0.0, "fake_probability": 1.0, "total_mentions": 1.0}, "www.eventbrite.com.au": {"real_probability": 0.0, "fake_probability": 1.0, "total_mentions": 1.0}, "www.statnews.com": {"real_probability": 1.0, "fake_probability": 0.0, "total_mentions": 1.0}, "www.hindustantimes.com": {"real_probability": 1.0, "fake_probability": 0.0, "total_mentions": 1.0}, "www.liebertpub.com": {"real_probability": 0.0, "fake_probability": 1.0, "total_mentions": 1.0}, "theweek.com": {"real_probability": 0.0, "fake_probability": 1.0, "total_mentions": 1.0}, "www.hhmi.org": {"real_probability": 0.0, "fake_probability": 1.0, "total_mentions": 1.0}, "www.cnbc.com": {"real_probability": 1.0, "fake_probability": 0.0, "total_mentions": 1.0}, "wacotrib.com": {"real_probability": 1.0, "fake_probability": 0.0, "total_mentions": 1.0}, "www.google.com": {"real_probability": 0.0, "fake_probability": 1.0, "total_mentions": 1.0}, "blog.rootclaim.com": {"real_probability": 0.0, "fake_probability": 1.0, "total_mentions": 1.0}, "erj.ersjournals.com": {"real_probability": 1.0, "fake_probability": 0.0, "total_mentions": 1.0}, "www.nih.gov": {"real_probability": 1.0, "fake_probability": 0.0, "total_mentions": 1.0}, "www.wnd.com": {"real_probability": 0.0, "fake_probability": 1.0, "total_mentions": 1.0}, "forbetterscience.com": {"real_probability": 0.0, "fake_probability": 1.0, "total_mentions": 1.0}, "www.publichealthontario.ca": {"real_probability": 1.0, "fake_probability": 0.0, "total_mentions": 1.0}, "www.boomlive.in": {"real_probability": 0.0, "fake_probability": 1.0, "total_mentions": 1.0}, "pharmanews.linksbridge.com": {"real_probability": 0.0, "fake_probability": 1.0, "total_mentions": 1.0}, "covid19.telangana.gov.in": {"real_probability": 1.0, "fake_probability": 0.0, "total_mentions": 1.0}}