id,predicted_label,tweet,label
14,fake,Tomorrow April 6 we will pass 10000 coronavirus deaths. We passed 5000 on April 2. We passed 1000 on March 26. We passed 100 on March 18.,real
62,real,"The Global #dietarysupplements market is anticipated to grow at a #CAGR of around 7.50% during 2020-25. 
Check the full report:- https://t.co/71J6LqCvgr

#food #beverage #marketresearch #marketstrategy #USA #animalhusbandry #covid_19 #kerrygroup #nutrients #Immunity #Energy https://t.co/XPFXA1zzo7",fake
139,real,.@realdonaldtrump cherry-picked one stat to prove that the US is doing better than most countries in the #COVID19 fight. Other key measures show the opposite. See the charts. https://t.co/JY6Ojd1G7Y,fake
146,real,There is no evidence that children have died because of a COVID-19 vaccine. No vaccine currently in development has been approved for widespread public use. https://t.co/9ecvMR8SAf,fake
149,real,The 2005 study found that chloroquine was effective on primate cells with severe acute respiratory syndrome. But while the two share similarities SARS-CoV and COVID-19 are different diseases and primate cells are far from human patients. https://t.co/ryiVuPdNSS,fake
439,real,The N95 respirator offers the most protection against viral particles for the wearer. But other masks are effective in reducing the reach of COVID-19 because they help stop asymptomatic individuals from unknowingly spreading the disease. https://t.co/WON66S3OKT,fake
497,real,"In objection to WA's border closures @CliveFPalmer has drawn a comparison between #COVID19 and hepatitis B which he says results in ""thousands of deaths every year"". But one expert has called that comparison ""ridiculous"". Here's why: https://t.co/XLvJXvmvQn #coronacheck https://t.co/9qJZ697VLv",fake
610,fake,How deadly is the coronavirus #COVID19? Scientists are close to an answer @nresearchnews Infection fatality rate explained by Robert Verity @MRC_Outbreak and Timothy Russell @LSHTM https://t.co/9lw9RSXnnd,real
735,real,Health officials caution against the use of chloroquine or hydroxychloroquine to treat COVID-19 patients citing the possibility of serious side effects. There are currently no approved treatments for the virus. https://t.co/ryiVuPdNSS,fake
758,real,"How has alcohol consumption changed during lockdown? Read our latest #CPD article for more information on how drinking habits have changed during the pandemic and the short-term and long-term effects of alcohol misuse
@Drinkaware @AlcoholChangeUK 

https://t.co/jNV645L7Il https://t.co/gGpNZShIPl",fake
770,fake,As for the Russian COVID vaccine Fauci is among the doubters. https://t.co/ged4pZv475,real
839,real,#VitaminD is now in focus to prevent #Coronavirus . Know if your body has enough of it. https://t.co/OFWcLha5ef,fake
922,real,RT @dpfunke: A data table from the World Bank is causing a lot of confusion about coronavirus testing equipment. To be clear: COVID-19 tes…,fake
966,real,We're still a long way away from herd immunity from COVID-19 in the United States. https://t.co/kVXlIkeDRa https://t.co/RC3BNj0ktG,fake
1062,fake,#ZuckOff #TakeItFromADoctor and a video with false claims on mask wearing and #hydroxychloroquine. https://t.co/0WH13B5iqT https://t.co/04eETBikNd,real
1064,fake,Hollywood actor Paul Rudd has encouraged young people to wear face masks in an entertaining video as the US grapples with the #COVID19 pandemic https://t.co/0uEqyLlCna,real
1182,real,Says if you're refused service at a store for not wearing a mask “call the department of health and report the store. Masks are suggested not required.”,fake
1214,fake,Black Americans are hospitalized for coronavirus at 4x the rate of White Americans. https://t.co/NNITwiUhmM https://t.co/ESLcaQweIU,real
1219,fake,The U.S. has surpassed over 1 million confirmed cases of coronavirus according to data compiled by John Hopkins University https://t.co/KOidmKuxic,real
1441,real,Children do contract the coronavirus but current research shows it is happening at a much lower rate than for adults. https://t.co/GW4aSvUOst,fake
1465,real,No wearing a mask to guard against spreading the coronavirus doesn’t void concealed-carry permits. https://t.co/nuJMpcPzsW,fake
1508,real,"PM @ScottMorrisonMP recently said a #COVID19 vaccine would be ""as mandatory as you can possibly make it"". But what does that mean? Experts we spoke to said it was unlikely the vaccination could be forced upon the population in Australia. Here's why: https://t.co/8axB6BPplC https://t.co/tb5CpYQiIr",fake
1519,real,process has asked sbi and business oil prices were relaxed during lockdown are rapidly increasing number of cbse central teachers eligibility test july this segment of secondary education is coronil,fake
1522,fake,The fight against Covid takes warriors. Each and every one of us are warriors against this virus so make sure you’re fighting it the right way. Wash your hands. Wear a mask. #StayAtHome. We can beat this.,real
1567,fake,There is no one in New Zealand receiving hospital-level care for COVID-19.,real
1587,real,A @Target spokesperson said the company plans to continue “Heroes &amp; Helpers” an event that pairs underserved children with officers to shop for holiday gifts. The company says careful considerations are underway on how to manage the event amid COVID-19. https://t.co/WdHJ3zkMQn,fake
1592,real,At this Critical Scenario We need full fledged 25 teams of 100 lab technicians under 2 MicroBiologists (for Virtual Administration) needed. Train All Graduate teachers of KA to test COVID 19 Samples We can do this ..@BSYBJP @mla_sudhakar @csogok @ChangeOrg_India @narendramodi https://t.co/EV2r2fOkeh,fake
1770,fake,@CAALKESHKASLIWA @ICMRDELHI #COVID_19 treatment in all Govt. Dedicated #COVID hospitals is free of cost. For 50 crore beneficiaries of Ayushman Bharat Pradhan Mantri Jan Arogya Yojana can avail free testing and treatment for #COVID19 in empanelled private labs/hospitals.,real
1791,real,"3/3 ... at the start was reasonably necessary"" ""But it's much more difficult now the huge numbers of coronavirus cases have reduced significantly and there's little commun­ity transmission … to argue you still need those borders shut."" Quote source: https://t.co/NQ7fSUVUwQ",fake
1851,real,"@hapelensrob #Fauci as head of #NIH in 2005 publishes this:

Chloroquine is a potent inhibitor of SARS coronavirus infection and spread

https://t.co/SAVFKPTb91",fake
1867,fake,@CryptoWalter_ There is a provision Rs. 50 lakhs as insurance under PM Garib Kalyan Package to the family of a frontline healthcare worker who passed away due to #COVID19: https://t.co/7ugCXToQO8,real
1871,real,"Have you wanted to make a difference during the pandemic but not sure how to safely go about it?
Collect or donate items/certificates for our Apocalypse Meow Auction!
This is an important part of our yearly fundraising to keep the Abby's Fund Health Care Grants available. https://t.co/zeWqC31b6d",fake
1909,real,While uncomfortable there no evidence that getting a COVID-19 test could cause anything more serious than temporary irritation. https://t.co/8Fq1yLo7wU,fake
1921,real,"Angiotensin-converting enzyme 2 (ACE2): COVID 19 gate way to multiple organ failure syndromes. https://t.co/cHRmWFf0vF 

#TheWiderWiserView https://t.co/q9hnaqU6jE",fake
1963,real,WHO expands coronavirus guidance after pressure from scientists over airborne spread https://t.co/URlntxXQYe,fake
1995,real,#covid19 #coronavirus #coronavirusupdate NYC is now burying the bodies of New Yorkers (with no known relatives or whose family are unable to arrange a funeral) in mass graves at 5 times the normal rate. 25 bodies each day. | #nyc #covid19 https://t.co/v7A0nZeHUv,fake
2052,real,All Missouri businesses can open Monday May 4 under our new Order as long as new guidelines are followed.,fake
